transect,slot,count,hour
5,2024-05-02 04:01:54,2,4
5,2024-05-02 04:02:06,2,4
5,2024-05-02 04:17:00,2,4
5,2024-05-02 04:18:39,2,4
5,2024-05-02 05:29:36,2,5
5,2024-05-02 06:01:30,2,6
5,2024-05-02 06:02:24,2,6
5,2024-05-02 06:03:24,2,6
5,2024-05-02 06:05:24,3,6
5,2024-05-02 06:09:03,2,6
5,2024-05-02 06:09:39,2,6
5,2024-05-02 06:10:27,2,6
5,2024-05-02 06:15:45,2,6
5,2024-05-02 06:15:51,2,6
5,2024-05-02 06:16:03,2,6
5,2024-05-02 06:18:57,2,6
5,2024-05-02 06:20:30,2,6
5,2024-05-02 06:26:12,2,6
5,2024-05-02 06:26:57,2,6
5,2024-05-02 06:27:51,2,6
5,2024-05-02 06:27:57,2,6
5,2024-05-02 06:29:03,2,6
5,2024-05-02 06:29:09,2,6
5,2024-05-02 07:00:12,2,7
5,2024-05-02 07:02:18,2,7
5,2024-05-02 07:02:27,2,7
5,2024-05-02 07:02:30,2,7
5,2024-05-02 07:03:57,2,7
5,2024-05-02 07:04:36,2,7
5,2024-05-02 07:05:12,2,7
5,2024-05-02 07:05:15,2,7
5,2024-05-02 07:05:33,2,7
5,2024-05-02 07:08:15,2,7
5,2024-05-02 07:13:06,2,7
5,2024-05-02 07:14:39,2,7
5,2024-05-02 07:17:18,2,7
5,2024-05-02 07:21:21,2,7
5,2024-05-02 07:27:42,2,7
5,2024-05-02 08:00:00,3,8
5,2024-05-02 08:01:27,2,8
5,2024-05-02 08:02:33,2,8
5,2024-05-02 08:03:03,2,8
5,2024-05-02 08:03:15,2,8
5,2024-05-02 08:03:36,2,8
5,2024-05-02 08:04:09,2,8
5,2024-05-02 08:04:36,2,8
5,2024-05-02 08:04:42,2,8
5,2024-05-02 08:04:45,2,8
5,2024-05-02 08:04:54,2,8
5,2024-05-02 08:06:00,2,8
5,2024-05-02 08:06:12,2,8
5,2024-05-02 08:06:18,2,8
5,2024-05-02 08:06:21,2,8
5,2024-05-02 08:06:33,2,8
5,2024-05-02 08:06:51,2,8
5,2024-05-02 08:06:57,2,8
5,2024-05-02 08:07:00,2,8
5,2024-05-02 08:07:12,2,8
5,2024-05-02 08:07:18,2,8
5,2024-05-02 08:07:24,2,8
5,2024-05-02 08:07:42,2,8
5,2024-05-02 08:08:39,2,8
5,2024-05-02 08:08:42,2,8
5,2024-05-02 08:09:30,2,8
5,2024-05-02 08:10:12,2,8
5,2024-05-02 08:10:18,2,8
5,2024-05-02 08:11:06,2,8
5,2024-05-02 08:11:54,2,8
5,2024-05-02 08:14:15,2,8
5,2024-05-02 08:17:06,2,8
5,2024-05-02 08:20:36,2,8
5,2024-05-02 08:21:48,2,8
5,2024-05-02 08:28:30,2,8
5,2024-05-02 08:29:06,2,8
5,2024-05-02 08:29:39,2,8
5,2024-05-02 09:03:03,2,9
5,2024-05-02 09:03:24,2,9
5,2024-05-02 09:04:18,2,9
5,2024-05-02 09:06:36,2,9
5,2024-05-02 09:10:57,2,9
5,2024-05-02 09:11:39,2,9
5,2024-05-02 09:11:42,2,9
5,2024-05-02 09:13:45,2,9
5,2024-05-02 09:19:45,2,9
5,2024-05-02 09:21:33,2,9
5,2024-05-02 09:25:03,2,9
5,2024-05-02 09:28:36,2,9
5,2024-05-02 09:28:48,2,9
5,2024-05-03 05:02:36,2,5
5,2024-05-03 05:02:42,2,5
5,2024-05-03 05:03:36,2,5
5,2024-05-03 06:04:12,2,6
5,2024-05-03 06:05:03,2,6
5,2024-05-03 06:05:09,2,6
5,2024-05-03 06:05:51,2,6
5,2024-05-03 06:07:45,2,6
5,2024-05-03 06:07:48,2,6
5,2024-05-03 06:08:09,2,6
5,2024-05-03 06:08:24,2,6
5,2024-05-03 06:08:30,2,6
5,2024-05-03 06:11:03,2,6
5,2024-05-03 06:12:45,2,6
5,2024-05-03 06:16:33,2,6
5,2024-05-03 06:18:15,2,6
5,2024-05-03 06:20:30,2,6
5,2024-05-03 06:20:33,2,6
5,2024-05-03 06:20:42,2,6
5,2024-05-03 06:28:03,2,6
5,2024-05-03 07:01:12,2,7
5,2024-05-03 07:02:27,2,7
5,2024-05-03 07:02:45,2,7
5,2024-05-03 07:02:54,2,7
5,2024-05-03 07:04:54,2,7
5,2024-05-03 07:06:54,2,7
5,2024-05-03 07:12:42,2,7
5,2024-05-03 07:20:51,2,7
5,2024-05-03 07:21:54,2,7
5,2024-05-03 07:22:21,2,7
5,2024-05-03 07:22:27,2,7
5,2024-05-03 07:24:03,2,7
5,2024-05-03 07:24:27,2,7
5,2024-05-03 07:24:54,2,7
5,2024-05-03 07:25:36,2,7
5,2024-05-03 07:26:06,2,7
5,2024-05-03 07:29:24,2,7
5,2024-05-03 08:00:30,2,8
5,2024-05-03 08:02:21,2,8
5,2024-05-03 08:03:57,2,8
5,2024-05-03 08:04:00,2,8
5,2024-05-03 08:09:24,2,8
5,2024-05-03 08:12:18,2,8
5,2024-05-03 08:13:09,2,8
5,2024-05-03 08:13:36,2,8
5,2024-05-03 08:13:42,2,8
5,2024-05-03 08:13:48,2,8
5,2024-05-03 08:14:00,2,8
5,2024-05-03 08:18:45,2,8
5,2024-05-03 08:21:48,2,8
5,2024-05-03 08:22:00,2,8
5,2024-05-03 08:22:45,2,8
5,2024-05-03 08:26:54,2,8
5,2024-05-03 08:27:24,2,8
5,2024-05-03 08:28:18,2,8
5,2024-05-03 09:01:42,2,9
5,2024-05-03 09:01:51,2,9
5,2024-05-03 09:02:03,2,9
5,2024-05-03 09:02:33,2,9
5,2024-05-03 09:02:36,2,9
5,2024-05-03 09:03:00,2,9
5,2024-05-03 09:03:06,2,9
5,2024-05-03 09:05:03,2,9
5,2024-05-03 09:05:06,2,9
5,2024-05-03 09:05:18,2,9
5,2024-05-03 09:07:03,2,9
5,2024-05-03 09:07:21,2,9
5,2024-05-03 09:12:24,2,9
5,2024-05-03 09:16:15,2,9
5,2024-05-03 09:16:36,2,9
5,2024-05-03 09:16:54,2,9
5,2024-05-03 09:17:03,2,9
5,2024-05-03 09:17:24,2,9
5,2024-05-03 09:17:36,2,9
5,2024-05-03 09:17:45,2,9
5,2024-05-03 09:17:54,2,9
5,2024-05-03 09:18:06,2,9
5,2024-05-03 09:20:09,2,9
5,2024-05-03 09:20:12,2,9
5,2024-05-03 09:20:57,2,9
5,2024-05-03 09:21:00,2,9
5,2024-05-03 09:22:06,2,9
5,2024-05-03 09:22:18,2,9
5,2024-05-03 09:25:51,2,9
5,2024-05-03 09:26:06,2,9
5,2024-05-03 09:27:54,2,9
5,2024-05-03 09:28:33,2,9
5,2024-05-03 09:29:24,2,9
5,2024-05-03 09:29:36,2,9
5,2024-05-04 05:04:12,2,5
5,2024-05-04 05:09:51,2,5
5,2024-05-04 05:18:30,2,5
5,2024-05-04 05:26:03,2,5
5,2024-05-04 05:28:06,2,5
5,2024-05-04 05:28:09,2,5
5,2024-05-04 06:03:12,2,6
5,2024-05-04 06:11:09,2,6
5,2024-05-04 06:11:48,2,6
5,2024-05-04 06:13:48,2,6
5,2024-05-04 06:16:03,2,6
5,2024-05-04 06:16:21,2,6
5,2024-05-04 06:18:09,2,6
5,2024-05-04 06:18:24,2,6
5,2024-05-04 06:18:48,2,6
5,2024-05-04 06:25:12,2,6
5,2024-05-04 06:25:54,2,6
5,2024-05-04 06:27:54,2,6
5,2024-05-04 06:28:45,2,6
5,2024-05-04 06:29:30,2,6
5,2024-05-04 06:29:39,2,6
5,2024-05-04 06:29:48,2,6
5,2024-05-04 07:05:15,2,7
5,2024-05-04 07:06:33,2,7
5,2024-05-04 07:07:09,2,7
5,2024-05-04 07:08:24,2,7
5,2024-05-04 07:10:45,2,7
5,2024-05-04 07:11:00,2,7
5,2024-05-04 07:11:12,2,7
5,2024-05-04 07:11:15,2,7
5,2024-05-04 07:11:30,2,7
5,2024-05-04 07:11:33,3,7
5,2024-05-04 07:11:39,2,7
5,2024-05-04 07:14:57,2,7
5,2024-05-04 07:23:15,2,7
5,2024-05-04 07:28:54,2,7
5,2024-05-04 08:01:54,2,8
5,2024-05-04 08:02:24,2,8
5,2024-05-04 08:10:51,2,8
5,2024-05-04 08:11:30,2,8
5,2024-05-04 08:12:06,2,8
5,2024-05-04 08:17:21,2,8
5,2024-05-04 08:17:54,2,8
5,2024-05-04 08:19:24,2,8
5,2024-05-04 08:19:48,2,8
5,2024-05-04 08:19:57,2,8
5,2024-05-04 08:21:42,2,8
5,2024-05-04 08:24:30,2,8
5,2024-05-04 08:26:45,2,8
5,2024-05-04 09:05:30,2,9
5,2024-05-04 09:05:51,2,9
5,2024-05-04 09:10:45,2,9
5,2024-05-04 09:11:06,2,9
5,2024-05-04 09:13:09,2,9
5,2024-05-04 09:17:09,2,9
5,2024-05-04 09:17:33,2,9
5,2024-05-04 09:17:36,2,9
5,2024-05-04 09:17:42,3,9
5,2024-05-04 09:18:36,2,9
5,2024-05-04 09:20:51,2,9
5,2024-05-04 09:23:24,2,9
5,2024-05-04 09:23:27,2,9
5,2024-05-04 09:23:33,2,9
5,2024-05-04 09:27:18,2,9
5,2024-05-05 04:10:54,2,4
5,2024-05-05 05:07:00,2,5
5,2024-05-05 05:12:36,2,5
5,2024-05-05 05:27:15,2,5
5,2024-05-05 05:28:57,2,5
5,2024-05-05 06:01:00,2,6
5,2024-05-05 06:01:15,2,6
5,2024-05-05 06:03:45,2,6
5,2024-05-05 06:11:48,2,6
5,2024-05-05 06:11:51,2,6
5,2024-05-05 06:12:09,2,6
5,2024-05-05 06:12:15,2,6
5,2024-05-05 06:12:51,2,6
5,2024-05-05 06:13:45,2,6
5,2024-05-05 06:14:39,2,6
5,2024-05-05 06:22:00,2,6
5,2024-05-05 06:22:36,2,6
5,2024-05-05 06:23:09,2,6
5,2024-05-05 06:23:18,2,6
5,2024-05-05 06:23:51,2,6
5,2024-05-05 06:26:18,2,6
5,2024-05-05 07:03:42,2,7
5,2024-05-05 07:03:48,2,7
5,2024-05-05 07:06:09,2,7
5,2024-05-05 07:08:54,2,7
5,2024-05-05 07:10:18,2,7
5,2024-05-05 07:10:24,2,7
5,2024-05-05 07:11:27,2,7
5,2024-05-05 07:12:00,2,7
5,2024-05-05 07:12:03,2,7
5,2024-05-05 07:14:45,2,7
5,2024-05-05 07:19:15,2,7
5,2024-05-05 07:20:36,2,7
5,2024-05-05 07:24:09,2,7
5,2024-05-05 08:06:27,2,8
5,2024-05-05 08:06:42,2,8
5,2024-05-05 08:07:45,2,8
5,2024-05-05 08:08:54,2,8
5,2024-05-05 08:09:12,2,8
5,2024-05-05 08:09:48,2,8
5,2024-05-05 08:11:00,2,8
5,2024-05-05 08:15:30,2,8
5,2024-05-05 08:16:00,2,8
5,2024-05-05 08:25:12,2,8
5,2024-05-05 08:25:18,2,8
5,2024-05-05 09:01:18,2,9
5,2024-05-05 09:01:45,2,9
5,2024-05-05 09:03:24,2,9
5,2024-05-05 09:03:48,2,9
5,2024-05-05 09:06:15,2,9
5,2024-05-05 09:06:18,2,9
5,2024-05-05 09:06:30,2,9
5,2024-05-05 09:11:54,2,9
5,2024-05-05 09:12:57,2,9
5,2024-05-05 09:13:00,2,9
5,2024-05-05 09:16:45,2,9
5,2024-05-05 09:17:12,2,9
5,2024-05-05 09:18:06,2,9
5,2024-05-05 09:18:39,2,9
5,2024-05-05 09:19:06,2,9
5,2024-05-05 09:19:12,2,9
5,2024-05-05 09:19:27,2,9
5,2024-05-05 09:19:30,2,9
5,2024-05-05 09:19:51,2,9
5,2024-05-05 09:20:15,2,9
5,2024-05-05 09:20:21,2,9
5,2024-05-05 09:20:24,2,9
5,2024-05-05 09:21:03,2,9
5,2024-05-05 09:21:54,2,9
5,2024-05-05 09:24:36,2,9
5,2024-05-05 09:25:21,2,9
5,2024-05-05 09:27:39,2,9
5,2024-05-06 04:16:42,2,4
5,2024-05-06 04:18:09,2,4
5,2024-05-06 04:18:42,2,4
5,2024-05-06 04:26:33,2,4
5,2024-05-06 04:26:48,2,4
5,2024-05-06 06:07:51,2,6
5,2024-05-06 06:09:00,2,6
5,2024-05-06 06:09:27,2,6
5,2024-05-06 06:11:54,2,6
5,2024-05-06 06:12:42,2,6
5,2024-05-06 06:14:00,2,6
5,2024-05-06 06:14:12,2,6
5,2024-05-06 06:14:33,2,6
5,2024-05-06 06:21:18,2,6
5,2024-05-06 06:22:39,2,6
5,2024-05-06 06:22:48,2,6
5,2024-05-06 06:23:24,2,6
5,2024-05-06 06:25:48,2,6
5,2024-05-06 06:26:36,2,6
5,2024-05-06 06:28:24,2,6
5,2024-05-06 06:29:30,2,6
5,2024-05-06 07:00:12,2,7
5,2024-05-06 07:00:15,2,7
5,2024-05-06 07:05:57,2,7
5,2024-05-06 07:06:24,2,7
5,2024-05-06 07:06:27,2,7
5,2024-05-06 07:08:30,2,7
5,2024-05-06 07:08:33,2,7
5,2024-05-06 07:08:36,2,7
5,2024-05-06 07:09:00,2,7
5,2024-05-06 07:09:12,2,7
5,2024-05-06 07:09:15,2,7
5,2024-05-06 07:09:18,2,7
5,2024-05-06 07:10:57,2,7
5,2024-05-06 07:12:33,2,7
5,2024-05-06 07:13:36,2,7
5,2024-05-06 07:16:27,2,7
5,2024-05-06 07:17:27,2,7
5,2024-05-06 07:18:21,2,7
5,2024-05-06 07:20:30,2,7
5,2024-05-06 07:20:33,2,7
5,2024-05-06 07:20:39,2,7
5,2024-05-06 07:20:42,2,7
5,2024-05-06 07:20:45,2,7
5,2024-05-06 07:21:03,2,7
5,2024-05-06 07:21:09,2,7
5,2024-05-06 07:21:12,2,7
5,2024-05-06 07:21:15,2,7
5,2024-05-06 07:21:21,2,7
5,2024-05-06 07:21:33,2,7
5,2024-05-06 07:21:42,2,7
5,2024-05-06 07:24:57,2,7
5,2024-05-06 07:25:27,2,7
5,2024-05-06 07:25:30,2,7
5,2024-05-06 07:27:24,2,7
5,2024-05-06 07:28:42,2,7
5,2024-05-06 07:29:12,2,7
5,2024-05-06 07:29:24,2,7
5,2024-05-06 07:29:33,2,7
5,2024-05-06 07:29:39,2,7
5,2024-05-06 07:29:42,2,7
5,2024-05-06 07:29:45,2,7
5,2024-05-06 08:00:00,2,8
5,2024-05-06 08:00:36,2,8
5,2024-05-06 08:06:27,2,8
5,2024-05-06 08:07:36,2,8
5,2024-05-06 08:07:39,2,8
5,2024-05-06 08:08:30,2,8
5,2024-05-06 08:11:09,2,8
5,2024-05-06 08:13:33,2,8
5,2024-05-06 08:16:09,2,8
5,2024-05-06 08:16:12,2,8
5,2024-05-06 08:17:15,2,8
5,2024-05-06 08:19:36,3,8
5,2024-05-06 08:20:42,2,8
5,2024-05-06 08:22:42,2,8
5,2024-05-06 08:23:21,2,8
5,2024-05-06 08:24:00,2,8
5,2024-05-06 08:24:06,2,8
5,2024-05-06 08:24:24,2,8
5,2024-05-06 08:25:30,2,8
5,2024-05-06 08:25:33,2,8
5,2024-05-06 08:25:36,2,8
5,2024-05-06 08:25:42,2,8
5,2024-05-06 08:25:45,2,8
5,2024-05-06 08:25:48,2,8
5,2024-05-06 08:25:51,2,8
5,2024-05-06 08:26:09,2,8
5,2024-05-06 08:26:24,2,8
5,2024-05-06 08:26:27,2,8
5,2024-05-06 08:27:09,2,8
5,2024-05-06 08:27:15,2,8
5,2024-05-06 08:28:39,2,8
5,2024-05-06 09:01:45,2,9
5,2024-05-06 09:02:00,2,9
5,2024-05-06 09:02:15,2,9
5,2024-05-06 09:04:45,2,9
5,2024-05-06 09:05:24,2,9
5,2024-05-06 09:05:30,2,9
5,2024-05-06 09:05:39,2,9
5,2024-05-06 09:06:33,2,9
5,2024-05-06 09:06:54,2,9
5,2024-05-06 09:08:48,2,9
5,2024-05-06 09:08:51,2,9
5,2024-05-06 09:08:57,2,9
5,2024-05-06 09:09:42,2,9
5,2024-05-06 09:11:54,2,9
5,2024-05-06 09:12:36,2,9
5,2024-05-06 09:17:21,2,9
5,2024-05-06 09:22:06,2,9
5,2024-05-06 09:22:09,2,9
5,2024-05-06 09:22:18,2,9
5,2024-05-06 09:23:33,2,9
5,2024-05-06 09:26:39,2,9
5,2024-05-06 09:26:42,2,9
5,2024-05-06 09:26:57,2,9
5,2024-05-07 04:01:15,2,4
5,2024-05-07 04:11:12,2,4
5,2024-05-07 04:15:12,2,4
5,2024-05-07 04:16:09,2,4
5,2024-05-07 04:16:33,2,4
5,2024-05-07 04:16:36,2,4
5,2024-05-07 04:16:39,2,4
5,2024-05-07 04:16:45,2,4
5,2024-05-07 04:23:45,2,4
5,2024-05-07 05:17:06,2,5
5,2024-05-07 05:17:21,2,5
5,2024-05-07 05:18:24,2,5
5,2024-05-07 06:00:12,2,6
5,2024-05-07 06:00:30,2,6
5,2024-05-07 06:05:39,2,6
5,2024-05-07 06:05:42,2,6
5,2024-05-07 06:06:33,2,6
5,2024-05-07 06:06:39,2,6
5,2024-05-07 06:07:06,2,6
5,2024-05-07 06:08:54,2,6
5,2024-05-07 06:08:57,2,6
5,2024-05-07 06:09:33,2,6
5,2024-05-07 06:12:12,2,6
5,2024-05-07 06:12:18,2,6
5,2024-05-07 06:20:12,2,6
5,2024-05-07 06:28:09,2,6
5,2024-05-07 07:04:24,2,7
5,2024-05-07 07:06:57,2,7
5,2024-05-07 07:10:57,2,7
5,2024-05-07 07:11:24,2,7
5,2024-05-07 07:19:57,2,7
5,2024-05-07 07:21:27,2,7
5,2024-05-07 07:21:33,2,7
5,2024-05-07 07:22:24,2,7
5,2024-05-07 08:03:48,2,8
5,2024-05-07 08:05:54,2,8
5,2024-05-07 08:08:24,2,8
5,2024-05-07 08:11:33,2,8
5,2024-05-07 08:11:45,2,8
5,2024-05-07 08:15:45,2,8
5,2024-05-07 08:16:03,2,8
5,2024-05-07 08:17:27,3,8
5,2024-05-07 08:18:51,2,8
5,2024-05-07 08:21:12,2,8
5,2024-05-07 08:23:24,2,8
5,2024-05-07 08:23:27,2,8
5,2024-05-07 08:26:54,2,8
5,2024-05-07 08:26:57,2,8
5,2024-05-07 08:27:45,2,8
5,2024-05-07 08:28:51,2,8
5,2024-05-07 09:00:18,2,9
5,2024-05-07 09:01:03,2,9
5,2024-05-07 09:01:30,2,9
5,2024-05-07 09:01:33,2,9
5,2024-05-07 09:06:54,2,9
5,2024-05-07 09:07:33,2,9
5,2024-05-07 09:13:30,2,9
5,2024-05-07 09:16:15,2,9
5,2024-05-07 09:16:30,2,9
5,2024-05-07 09:17:15,2,9
5,2024-05-07 09:21:33,2,9
5,2024-05-07 09:23:09,2,9
5,2024-05-07 09:23:12,2,9
5,2024-05-07 09:23:18,2,9
5,2024-05-07 09:26:39,2,9
5,2024-05-07 09:28:42,2,9
5,2024-05-07 09:28:48,3,9
5,2024-05-07 09:29:24,2,9
5,2024-05-08 04:01:39,3,4
5,2024-05-08 04:02:12,2,4
5,2024-05-08 04:02:48,2,4
5,2024-05-08 04:14:57,2,4
5,2024-05-08 04:22:57,2,4
5,2024-05-08 04:24:45,2,4
5,2024-05-08 04:25:33,2,4
5,2024-05-08 05:05:36,2,5
5,2024-05-08 05:23:00,2,5
5,2024-05-08 05:27:15,2,5
5,2024-05-08 05:29:54,2,5
5,2024-05-08 06:03:00,2,6
5,2024-05-08 06:04:54,2,6
5,2024-05-08 06:05:39,2,6
5,2024-05-08 06:07:03,2,6
5,2024-05-08 06:12:00,2,6
5,2024-05-08 06:15:12,2,6
5,2024-05-08 06:17:12,2,6
5,2024-05-08 06:20:15,2,6
5,2024-05-08 06:20:18,2,6
5,2024-05-08 06:21:21,2,6
5,2024-05-08 06:23:36,2,6
5,2024-05-08 06:24:33,2,6
5,2024-05-08 07:03:18,2,7
5,2024-05-08 07:03:57,2,7
5,2024-05-08 07:04:24,2,7
5,2024-05-08 07:05:09,2,7
5,2024-05-08 07:19:36,2,7
5,2024-05-08 07:24:42,2,7
5,2024-05-08 07:25:21,2,7
5,2024-05-08 07:25:27,2,7
5,2024-05-08 07:25:36,2,7
5,2024-05-08 07:26:21,3,7
5,2024-05-08 07:27:15,2,7
5,2024-05-08 07:28:00,3,7
5,2024-05-08 07:28:24,2,7
5,2024-05-08 08:00:03,2,8
5,2024-05-08 08:00:24,2,8
5,2024-05-08 08:00:54,2,8
5,2024-05-08 08:01:51,2,8
5,2024-05-08 08:07:45,2,8
5,2024-05-08 08:07:48,2,8
5,2024-05-08 08:07:51,2,8
5,2024-05-08 08:09:15,2,8
5,2024-05-08 08:13:39,2,8
5,2024-05-08 08:21:36,2,8
5,2024-05-08 08:22:15,2,8
5,2024-05-08 08:22:54,2,8
5,2024-05-08 08:24:48,2,8
5,2024-05-08 09:00:18,2,9
5,2024-05-08 09:08:06,2,9
5,2024-05-08 09:11:12,2,9
5,2024-05-09 04:06:00,2,4
5,2024-05-09 04:24:06,2,4
5,2024-05-09 05:00:36,2,5
5,2024-05-09 05:24:24,2,5
5,2024-05-09 06:02:24,2,6
5,2024-05-09 06:05:18,2,6
5,2024-05-09 06:06:18,2,6
5,2024-05-09 06:06:48,2,6
5,2024-05-09 06:06:51,2,6
5,2024-05-09 06:09:36,2,6
5,2024-05-09 06:10:21,2,6
5,2024-05-09 06:11:21,2,6
5,2024-05-09 06:11:30,2,6
5,2024-05-09 06:13:45,2,6
5,2024-05-09 06:13:54,2,6
5,2024-05-09 06:15:03,2,6
5,2024-05-09 06:18:27,2,6
5,2024-05-09 06:18:36,2,6
5,2024-05-09 06:19:09,3,6
5,2024-05-09 06:29:15,2,6
5,2024-05-09 07:00:42,2,7
5,2024-05-09 07:06:06,2,7
5,2024-05-09 07:07:42,2,7
5,2024-05-09 07:08:15,2,7
5,2024-05-09 07:08:18,2,7
5,2024-05-09 07:09:57,2,7
5,2024-05-09 07:10:03,2,7
5,2024-05-09 07:10:21,2,7
5,2024-05-09 07:13:12,2,7
5,2024-05-09 07:13:42,2,7
5,2024-05-09 07:14:51,2,7
5,2024-05-09 07:16:33,2,7
5,2024-05-09 07:19:51,2,7
5,2024-05-09 07:21:21,2,7
5,2024-05-09 07:22:18,2,7
5,2024-05-09 07:22:30,2,7
5,2024-05-09 07:23:33,2,7
5,2024-05-09 07:23:57,2,7
5,2024-05-09 07:24:15,2,7
5,2024-05-09 07:28:54,2,7
5,2024-05-09 07:29:03,2,7
5,2024-05-09 07:29:33,2,7
5,2024-05-09 08:04:00,2,8
5,2024-05-09 08:05:12,2,8
5,2024-05-09 08:06:06,2,8
5,2024-05-09 08:09:48,2,8
5,2024-05-09 08:10:00,2,8
5,2024-05-09 08:10:12,2,8
5,2024-05-09 08:10:57,2,8
5,2024-05-09 08:11:00,2,8
5,2024-05-09 08:11:18,2,8
5,2024-05-09 08:11:39,2,8
5,2024-05-09 08:11:42,2,8
5,2024-05-09 08:12:09,2,8
5,2024-05-09 08:12:21,2,8
5,2024-05-09 08:12:39,2,8
5,2024-05-09 08:12:42,2,8
5,2024-05-09 08:12:45,2,8
5,2024-05-09 08:14:00,2,8
5,2024-05-09 08:14:27,2,8
5,2024-05-09 08:14:36,2,8
5,2024-05-09 08:15:00,2,8
5,2024-05-09 08:15:12,2,8
5,2024-05-09 08:15:18,2,8
5,2024-05-09 08:15:33,2,8
5,2024-05-09 08:16:18,2,8
5,2024-05-09 08:16:45,2,8
5,2024-05-09 08:17:27,2,8
5,2024-05-09 08:17:42,2,8
5,2024-05-09 08:18:30,2,8
5,2024-05-09 08:18:33,2,8
5,2024-05-09 08:18:39,2,8
5,2024-05-09 08:18:54,3,8
5,2024-05-09 08:21:03,2,8
5,2024-05-09 08:21:18,2,8
5,2024-05-09 08:22:00,2,8
5,2024-05-09 08:22:30,2,8
5,2024-05-09 08:22:36,3,8
5,2024-05-09 08:23:03,2,8
5,2024-05-09 08:24:03,2,8
5,2024-05-09 08:24:06,2,8
5,2024-05-09 08:24:15,2,8
5,2024-05-09 08:24:24,2,8
5,2024-05-09 08:25:54,2,8
5,2024-05-09 08:26:18,2,8
5,2024-05-09 08:27:57,2,8
5,2024-05-09 08:29:57,2,8
5,2024-05-09 09:08:51,3,9
5,2024-05-09 09:10:45,2,9
5,2024-05-09 09:15:45,2,9
5,2024-05-09 09:17:09,3,9
5,2024-05-09 09:18:51,3,9
5,2024-05-09 09:19:12,2,9
5,2024-05-09 09:21:42,2,9
5,2024-05-09 09:24:21,2,9
5,2024-05-10 04:05:54,2,4
5,2024-05-10 04:06:00,2,4
5,2024-05-10 04:06:30,2,4
5,2024-05-10 04:17:54,2,4
5,2024-05-10 04:19:03,2,4
5,2024-05-10 04:19:30,2,4
5,2024-05-10 04:22:24,2,4
5,2024-05-10 04:23:45,2,4
5,2024-05-10 04:28:09,2,4
5,2024-05-10 04:28:24,2,4
5,2024-05-10 05:06:03,2,5
5,2024-05-10 05:07:51,2,5
5,2024-05-10 05:11:51,2,5
5,2024-05-10 05:17:51,2,5
5,2024-05-10 05:23:03,2,5
5,2024-05-10 05:29:18,2,5
5,2024-05-10 06:02:15,2,6
5,2024-05-10 06:02:30,3,6
5,2024-05-10 06:04:21,2,6
5,2024-05-10 06:05:15,2,6
5,2024-05-10 06:09:48,2,6
5,2024-05-10 06:11:48,2,6
5,2024-05-10 06:11:57,2,6
5,2024-05-10 06:20:51,2,6
5,2024-05-10 06:24:54,2,6
5,2024-05-10 06:25:39,2,6
5,2024-05-10 07:02:39,2,7
5,2024-05-10 07:04:03,2,7
5,2024-05-10 07:04:12,2,7
5,2024-05-10 07:04:15,2,7
5,2024-05-10 07:04:24,2,7
5,2024-05-10 07:05:06,2,7
5,2024-05-10 07:07:12,2,7
5,2024-05-10 07:13:33,2,7
5,2024-05-10 07:17:09,2,7
5,2024-05-10 07:22:57,2,7
5,2024-05-10 08:00:36,2,8
5,2024-05-10 08:00:39,2,8
5,2024-05-10 08:00:54,2,8
5,2024-05-10 08:02:06,2,8
5,2024-05-10 08:02:33,2,8
5,2024-05-10 08:03:18,2,8
5,2024-05-10 08:05:12,2,8
5,2024-05-10 08:05:27,2,8
5,2024-05-10 08:07:33,2,8
5,2024-05-10 08:08:06,2,8
5,2024-05-10 08:16:18,2,8
5,2024-05-10 08:23:18,2,8
5,2024-05-10 08:24:03,2,8
5,2024-05-10 08:27:06,2,8
5,2024-05-10 09:05:36,2,9
5,2024-05-10 09:05:54,2,9
5,2024-05-10 09:09:18,2,9
5,2024-05-10 09:11:54,2,9
5,2024-05-10 09:13:48,2,9
5,2024-05-10 09:15:09,2,9
5,2024-05-10 09:15:57,2,9
5,2024-05-10 09:16:27,2,9
5,2024-05-10 09:16:45,2,9
5,2024-05-10 09:18:30,2,9
5,2024-05-10 09:21:06,2,9
5,2024-05-10 09:22:21,2,9
5,2024-05-10 09:22:48,2,9
5,2024-05-10 09:23:15,2,9
5,2024-05-10 09:24:51,2,9
5,2024-05-10 09:25:15,2,9
5,2024-05-10 09:25:18,2,9
5,2024-05-10 09:26:36,2,9
5,2024-05-10 09:27:12,2,9
5,2024-05-10 09:27:42,2,9
5,2024-05-10 09:28:03,2,9
5,2024-05-10 09:28:42,2,9
5,2024-05-10 09:28:45,2,9
5,2024-05-10 09:29:51,2,9
6,2024-05-02 06:23:27,2,6
6,2024-05-02 06:27:33,2,6
6,2024-05-02 06:27:54,2,6
6,2024-05-02 06:29:18,2,6
6,2024-05-02 07:16:06,2,7
6,2024-05-02 07:23:18,2,7
6,2024-05-02 08:00:36,2,8
6,2024-05-02 08:02:27,2,8
6,2024-05-02 08:02:30,2,8
6,2024-05-02 08:02:33,2,8
6,2024-05-02 08:05:33,2,8
6,2024-05-02 08:05:48,2,8
6,2024-05-02 08:06:54,2,8
6,2024-05-02 08:06:57,2,8
6,2024-05-02 08:07:27,2,8
6,2024-05-02 08:07:30,2,8
6,2024-05-02 08:07:33,2,8
6,2024-05-02 08:12:03,2,8
6,2024-05-02 08:13:09,3,8
6,2024-05-02 08:13:12,2,8
6,2024-05-02 08:13:15,2,8
6,2024-05-02 08:13:21,2,8
6,2024-05-02 08:13:39,2,8
6,2024-05-02 08:13:42,2,8
6,2024-05-02 08:13:51,2,8
6,2024-05-02 08:13:57,2,8
6,2024-05-02 08:14:00,3,8
6,2024-05-02 08:14:03,2,8
6,2024-05-02 08:14:06,2,8
6,2024-05-02 08:14:24,2,8
6,2024-05-02 08:14:27,2,8
6,2024-05-02 08:15:24,2,8
6,2024-05-02 08:15:27,2,8
6,2024-05-02 08:18:03,2,8
6,2024-05-02 08:22:06,2,8
6,2024-05-02 09:04:30,2,9
6,2024-05-02 09:13:54,2,9
6,2024-05-02 09:16:18,2,9
6,2024-05-02 09:18:36,2,9
6,2024-05-02 09:26:27,2,9
6,2024-05-02 09:28:48,2,9
6,2024-05-03 06:09:36,2,6
6,2024-05-03 07:02:36,2,7
6,2024-05-03 07:07:57,2,7
6,2024-05-03 08:01:57,2,8
6,2024-05-03 08:12:42,2,8
6,2024-05-03 08:19:54,2,8
6,2024-05-03 09:03:57,2,9
6,2024-05-03 09:15:06,2,9
6,2024-05-03 09:19:42,2,9
6,2024-05-03 09:25:18,2,9
6,2024-05-04 05:02:06,2,5
6,2024-05-04 06:03:39,2,6
6,2024-05-04 06:28:57,2,6
6,2024-05-04 07:05:12,2,7
6,2024-05-04 07:06:54,2,7
6,2024-05-04 07:08:21,2,7
6,2024-05-04 07:11:33,2,7
6,2024-05-04 07:12:57,2,7
6,2024-05-04 07:16:45,2,7
6,2024-05-04 07:22:15,2,7
6,2024-05-04 08:01:06,2,8
6,2024-05-04 08:01:54,2,8
6,2024-05-04 08:02:03,2,8
6,2024-05-04 08:02:18,2,8
6,2024-05-04 08:02:27,2,8
6,2024-05-04 08:09:24,2,8
6,2024-05-04 08:09:27,2,8
6,2024-05-04 08:09:36,2,8
6,2024-05-04 08:09:45,2,8
6,2024-05-04 08:09:48,2,8
6,2024-05-04 08:09:57,2,8
6,2024-05-04 08:22:45,2,8
6,2024-05-04 09:00:45,2,9
6,2024-05-04 09:02:36,2,9
6,2024-05-04 09:07:33,2,9
6,2024-05-04 09:08:15,2,9
6,2024-05-04 09:08:27,2,9
6,2024-05-04 09:12:54,2,9
6,2024-05-04 09:15:06,2,9
6,2024-05-04 09:15:45,2,9
6,2024-05-04 09:26:39,2,9
6,2024-05-04 09:28:18,2,9
6,2024-05-05 04:12:36,2,4
6,2024-05-05 05:11:12,2,5
6,2024-05-05 05:17:27,2,5
6,2024-05-05 06:14:39,2,6
6,2024-05-05 06:14:45,2,6
6,2024-05-05 07:00:45,2,7
6,2024-05-05 07:02:57,2,7
6,2024-05-05 07:07:57,2,7
6,2024-05-05 07:10:12,2,7
6,2024-05-05 07:10:15,2,7
6,2024-05-05 07:10:21,2,7
6,2024-05-05 07:16:57,2,7
6,2024-05-05 08:00:03,2,8
6,2024-05-05 08:00:06,2,8
6,2024-05-05 08:00:09,2,8
6,2024-05-05 08:00:57,2,8
6,2024-05-05 08:02:24,2,8
6,2024-05-05 08:05:24,2,8
6,2024-05-05 08:11:09,2,8
6,2024-05-05 08:11:48,2,8
6,2024-05-05 08:14:03,2,8
6,2024-05-05 08:16:57,2,8
6,2024-05-05 08:17:57,2,8
6,2024-05-05 08:24:06,2,8
6,2024-05-05 08:28:18,2,8
6,2024-05-05 08:28:51,2,8
6,2024-05-05 08:28:57,2,8
6,2024-05-05 09:01:00,2,9
6,2024-05-05 09:01:27,2,9
6,2024-05-05 09:02:18,2,9
6,2024-05-05 09:02:33,2,9
6,2024-05-05 09:05:12,2,9
6,2024-05-05 09:06:27,2,9
6,2024-05-05 09:06:57,2,9
6,2024-05-05 09:07:24,2,9
6,2024-05-05 09:07:27,2,9
6,2024-05-05 09:10:57,2,9
6,2024-05-05 09:11:00,2,9
6,2024-05-05 09:12:09,2,9
6,2024-05-05 09:17:36,2,9
6,2024-05-05 09:21:09,2,9
6,2024-05-05 09:27:00,2,9
6,2024-05-05 09:27:33,2,9
6,2024-05-06 05:02:30,2,5
6,2024-05-06 05:18:51,2,5
6,2024-05-06 06:02:21,2,6
6,2024-05-06 06:06:18,2,6
6,2024-05-06 06:06:42,2,6
6,2024-05-06 06:27:39,2,6
6,2024-05-06 06:27:54,2,6
6,2024-05-06 06:28:09,2,6
6,2024-05-06 06:28:12,2,6
6,2024-05-06 06:28:30,2,6
6,2024-05-06 06:28:33,2,6
6,2024-05-06 06:28:48,2,6
6,2024-05-06 06:29:00,2,6
6,2024-05-06 06:29:03,2,6
6,2024-05-06 06:29:18,2,6
6,2024-05-06 06:29:21,2,6
6,2024-05-06 06:29:27,2,6
6,2024-05-06 06:29:30,2,6
6,2024-05-06 06:29:33,2,6
6,2024-05-06 06:29:39,2,6
6,2024-05-06 06:29:42,2,6
6,2024-05-06 06:29:54,2,6
6,2024-05-06 06:29:57,2,6
6,2024-05-06 07:08:09,2,7
6,2024-05-06 07:22:45,2,7
6,2024-05-06 07:22:48,2,7
6,2024-05-06 07:22:51,2,7
6,2024-05-06 07:24:42,2,7
6,2024-05-06 07:26:03,2,7
6,2024-05-06 07:29:30,2,7
6,2024-05-06 08:09:51,2,8
6,2024-05-06 08:27:42,2,8
6,2024-05-06 08:28:18,2,8
6,2024-05-06 09:10:03,2,9
6,2024-05-06 09:11:09,2,9
6,2024-05-07 05:03:57,2,5
6,2024-05-07 05:27:18,3,5
6,2024-05-07 07:28:18,2,7
6,2024-05-07 08:24:12,2,8
6,2024-05-07 08:24:15,2,8
6,2024-05-07 09:16:18,2,9
6,2024-05-07 09:18:09,2,9
6,2024-05-07 09:18:12,2,9
6,2024-05-08 04:09:48,2,4
6,2024-05-08 04:16:06,2,4
6,2024-05-08 05:10:48,2,5
6,2024-05-08 06:04:06,2,6
6,2024-05-08 06:06:18,2,6
6,2024-05-08 06:16:18,2,6
6,2024-05-08 06:26:21,2,6
6,2024-05-08 06:29:06,2,6
6,2024-05-08 07:04:30,2,7
6,2024-05-08 07:05:09,2,7
6,2024-05-08 07:05:15,2,7
6,2024-05-08 07:05:18,2,7
6,2024-05-08 07:05:27,2,7
6,2024-05-08 07:10:15,2,7
6,2024-05-08 07:10:51,2,7
6,2024-05-08 07:11:27,2,7
6,2024-05-08 07:11:54,2,7
6,2024-05-08 07:15:42,2,7
6,2024-05-08 07:23:24,2,7
6,2024-05-08 07:25:39,2,7
6,2024-05-08 07:25:54,2,7
6,2024-05-08 07:26:15,2,7
6,2024-05-08 07:26:51,2,7
6,2024-05-08 07:28:42,2,7
6,2024-05-08 07:29:18,2,7
6,2024-05-08 08:09:30,2,8
6,2024-05-08 08:09:54,2,8
6,2024-05-08 08:12:00,2,8
6,2024-05-08 08:23:30,2,8
6,2024-05-08 08:27:57,2,8
6,2024-05-08 09:25:54,2,9
6,2024-05-08 09:25:57,2,9
6,2024-05-08 09:26:39,2,9
6,2024-05-09 05:06:48,2,5
6,2024-05-09 05:07:27,2,5
6,2024-05-09 05:29:57,2,5
6,2024-05-09 06:02:51,2,6
6,2024-05-09 06:09:57,2,6
6,2024-05-09 06:10:24,2,6
6,2024-05-09 06:10:30,2,6
6,2024-05-09 06:10:57,2,6
6,2024-05-09 06:11:06,2,6
6,2024-05-09 06:11:15,2,6
6,2024-05-09 06:28:51,2,6
6,2024-05-09 07:02:00,2,7
6,2024-05-09 07:09:03,2,7
6,2024-05-09 07:16:45,2,7
6,2024-05-09 07:19:21,2,7
6,2024-05-09 07:19:54,2,7
6,2024-05-09 07:20:42,2,7
6,2024-05-09 07:27:09,2,7
6,2024-05-09 07:27:24,2,7
6,2024-05-09 07:29:18,2,7
6,2024-05-09 07:29:21,2,7
6,2024-05-09 08:10:51,2,8
6,2024-05-09 08:13:03,2,8
6,2024-05-09 08:16:09,2,8
6,2024-05-09 08:19:15,2,8
6,2024-05-09 08:20:09,2,8
6,2024-05-09 08:23:27,2,8
6,2024-05-09 08:24:12,2,8
6,2024-05-09 08:25:06,2,8
6,2024-05-09 08:25:09,2,8
6,2024-05-09 08:25:42,2,8
6,2024-05-09 08:25:48,2,8
6,2024-05-09 08:26:12,2,8
6,2024-05-09 08:27:48,2,8
6,2024-05-09 09:01:57,2,9
6,2024-05-09 09:10:06,2,9
6,2024-05-09 09:17:21,2,9
6,2024-05-09 09:23:39,2,9
6,2024-05-09 09:28:09,2,9
6,2024-05-10 04:22:00,2,4
6,2024-05-10 04:23:48,2,4
6,2024-05-10 04:24:00,2,4
6,2024-05-10 04:25:03,3,4
6,2024-05-10 04:25:36,2,4
6,2024-05-10 04:28:21,3,4
6,2024-05-10 04:28:45,2,4
6,2024-05-10 04:29:06,2,4
6,2024-05-10 05:15:57,2,5
6,2024-05-10 05:24:03,2,5
6,2024-05-10 05:29:00,2,5
6,2024-05-10 06:03:00,2,6
6,2024-05-10 06:05:06,2,6
6,2024-05-10 06:08:03,2,6
6,2024-05-10 06:16:12,2,6
6,2024-05-10 06:23:42,2,6
6,2024-05-10 07:01:30,2,7
6,2024-05-10 07:05:15,2,7
6,2024-05-10 07:07:45,2,7
6,2024-05-10 07:07:48,3,7
6,2024-05-10 07:09:51,3,7
6,2024-05-10 07:18:15,2,7
6,2024-05-10 07:18:51,2,7
6,2024-05-10 07:19:15,2,7
6,2024-05-10 07:19:24,2,7
6,2024-05-10 07:20:21,2,7
6,2024-05-10 07:29:36,2,7
6,2024-05-10 08:01:12,2,8
6,2024-05-10 08:02:27,2,8
6,2024-05-10 08:02:39,2,8
6,2024-05-10 08:04:03,2,8
6,2024-05-10 08:07:21,2,8
6,2024-05-10 08:07:24,2,8
6,2024-05-10 08:07:27,2,8
6,2024-05-10 08:08:15,2,8
6,2024-05-10 08:08:18,2,8
6,2024-05-10 08:09:48,2,8
6,2024-05-10 08:10:03,2,8
6,2024-05-10 08:10:21,2,8
6,2024-05-10 08:11:15,2,8
6,2024-05-10 08:11:18,2,8
6,2024-05-10 08:11:27,2,8
6,2024-05-10 08:11:30,2,8
6,2024-05-10 08:16:27,2,8
6,2024-05-10 08:16:33,2,8
6,2024-05-10 08:16:45,2,8
6,2024-05-10 08:17:24,2,8
6,2024-05-10 08:21:12,2,8
6,2024-05-10 08:21:33,2,8
6,2024-05-10 08:22:09,2,8
6,2024-05-10 08:28:09,2,8
6,2024-05-10 09:01:42,2,9
6,2024-05-10 09:01:57,2,9
6,2024-05-10 09:02:03,2,9
6,2024-05-10 09:02:09,2,9
6,2024-05-10 09:02:12,2,9
6,2024-05-10 09:02:36,2,9
6,2024-05-10 09:08:33,2,9
6,2024-05-10 09:10:03,2,9
6,2024-05-10 09:10:15,2,9
6,2024-05-10 09:18:30,2,9
6,2024-05-10 09:25:18,2,9
6,2024-05-10 09:27:45,2,9
7,2024-05-02 04:24:03,2,4
7,2024-05-02 05:00:27,2,5
7,2024-05-02 05:00:30,2,5
7,2024-05-02 05:00:45,2,5
7,2024-05-02 05:00:51,2,5
7,2024-05-02 05:01:24,2,5
7,2024-05-02 05:01:30,2,5
7,2024-05-02 05:01:36,2,5
7,2024-05-02 05:02:09,2,5
7,2024-05-02 05:02:42,2,5
7,2024-05-02 05:03:03,2,5
7,2024-05-02 05:11:48,2,5
7,2024-05-02 05:18:03,3,5
7,2024-05-02 05:20:06,2,5
7,2024-05-02 05:26:54,2,5
7,2024-05-02 05:27:00,2,5
7,2024-05-02 05:29:57,2,5
7,2024-05-02 06:00:18,2,6
7,2024-05-02 06:00:33,2,6
7,2024-05-02 06:00:48,2,6
7,2024-05-02 06:01:00,2,6
7,2024-05-02 06:01:03,2,6
7,2024-05-02 06:01:24,2,6
7,2024-05-02 06:01:42,2,6
7,2024-05-02 06:02:24,2,6
7,2024-05-02 06:02:45,2,6
7,2024-05-02 06:03:48,2,6
7,2024-05-02 06:04:12,2,6
7,2024-05-02 06:05:21,2,6
7,2024-05-02 06:08:09,2,6
7,2024-05-02 06:08:15,2,6
7,2024-05-02 06:08:18,2,6
7,2024-05-02 06:08:33,2,6
7,2024-05-02 06:08:36,2,6
7,2024-05-02 06:08:39,2,6
7,2024-05-02 06:10:30,2,6
7,2024-05-02 06:10:45,2,6
7,2024-05-02 06:10:48,2,6
7,2024-05-02 06:11:06,2,6
7,2024-05-02 06:11:48,2,6
7,2024-05-02 06:12:57,2,6
7,2024-05-02 06:13:18,2,6
7,2024-05-02 06:13:27,2,6
7,2024-05-02 06:13:54,2,6
7,2024-05-02 06:15:39,2,6
7,2024-05-02 06:16:15,2,6
7,2024-05-02 06:16:18,2,6
7,2024-05-02 06:16:30,2,6
7,2024-05-02 06:16:33,2,6
7,2024-05-02 06:16:42,2,6
7,2024-05-02 06:16:45,2,6
7,2024-05-02 06:16:48,2,6
7,2024-05-02 06:16:51,2,6
7,2024-05-02 06:19:21,2,6
7,2024-05-02 06:19:36,3,6
7,2024-05-02 06:19:45,2,6
7,2024-05-02 06:19:48,2,6
7,2024-05-02 06:19:51,2,6
7,2024-05-02 06:19:54,2,6
7,2024-05-02 06:19:57,2,6
7,2024-05-02 06:20:00,2,6
7,2024-05-02 06:20:03,2,6
7,2024-05-02 06:20:06,2,6
7,2024-05-02 06:20:12,2,6
7,2024-05-02 06:20:27,3,6
7,2024-05-02 06:21:03,2,6
7,2024-05-02 06:21:06,2,6
7,2024-05-02 06:21:15,2,6
7,2024-05-02 06:21:18,2,6
7,2024-05-02 06:22:12,2,6
7,2024-05-02 06:23:39,2,6
7,2024-05-02 06:25:03,2,6
7,2024-05-02 06:27:42,2,6
7,2024-05-02 06:27:48,2,6
7,2024-05-02 06:28:39,2,6
7,2024-05-02 06:28:51,2,6
7,2024-05-02 06:28:57,2,6
7,2024-05-02 06:29:06,2,6
7,2024-05-02 06:29:33,2,6
7,2024-05-02 07:02:12,2,7
7,2024-05-02 07:02:36,2,7
7,2024-05-02 07:03:06,2,7
7,2024-05-02 07:03:15,2,7
7,2024-05-02 07:04:21,2,7
7,2024-05-02 07:04:42,2,7
7,2024-05-02 07:06:57,2,7
7,2024-05-02 07:07:12,2,7
7,2024-05-02 07:07:15,2,7
7,2024-05-02 07:07:30,2,7
7,2024-05-02 07:09:18,2,7
7,2024-05-02 07:11:12,2,7
7,2024-05-02 07:11:30,2,7
7,2024-05-02 07:13:36,2,7
7,2024-05-02 07:13:42,2,7
7,2024-05-02 07:14:30,2,7
7,2024-05-02 07:14:57,2,7
7,2024-05-02 07:15:00,2,7
7,2024-05-02 07:15:12,2,7
7,2024-05-02 07:15:15,2,7
7,2024-05-02 07:15:18,2,7
7,2024-05-02 07:15:21,2,7
7,2024-05-02 07:15:27,2,7
7,2024-05-02 07:15:30,2,7
7,2024-05-02 07:15:33,2,7
7,2024-05-02 07:15:42,2,7
7,2024-05-02 07:15:45,2,7
7,2024-05-02 07:15:48,2,7
7,2024-05-02 07:15:54,2,7
7,2024-05-02 07:15:57,2,7
7,2024-05-02 07:16:06,2,7
7,2024-05-02 07:16:09,2,7
7,2024-05-02 07:16:24,2,7
7,2024-05-02 07:16:30,2,7
7,2024-05-02 07:16:33,2,7
7,2024-05-02 07:16:36,2,7
7,2024-05-02 07:16:42,2,7
7,2024-05-02 07:16:48,2,7
7,2024-05-02 07:17:03,2,7
7,2024-05-02 07:17:24,2,7
7,2024-05-02 07:17:30,2,7
7,2024-05-02 07:17:36,3,7
7,2024-05-02 07:17:51,2,7
7,2024-05-02 07:18:15,2,7
7,2024-05-02 07:18:27,2,7
7,2024-05-02 07:18:33,2,7
7,2024-05-02 07:18:45,2,7
7,2024-05-02 07:19:24,2,7
7,2024-05-02 07:19:27,2,7
7,2024-05-02 07:20:03,2,7
7,2024-05-02 07:20:06,2,7
7,2024-05-02 07:20:45,2,7
7,2024-05-02 07:20:57,2,7
7,2024-05-02 07:21:33,2,7
7,2024-05-02 07:21:42,2,7
7,2024-05-02 07:21:45,2,7
7,2024-05-02 07:21:51,2,7
7,2024-05-02 07:22:42,2,7
7,2024-05-02 07:22:45,2,7
7,2024-05-02 07:23:06,2,7
7,2024-05-02 07:23:18,2,7
7,2024-05-02 07:23:48,2,7
7,2024-05-02 07:23:51,2,7
7,2024-05-02 07:24:06,2,7
7,2024-05-02 07:24:27,2,7
7,2024-05-02 07:25:06,2,7
7,2024-05-02 07:25:09,2,7
7,2024-05-02 07:28:03,2,7
7,2024-05-02 07:29:27,2,7
7,2024-05-02 07:29:51,2,7
7,2024-05-02 08:01:21,2,8
7,2024-05-02 08:04:45,2,8
7,2024-05-02 08:05:30,2,8
7,2024-05-02 08:05:42,2,8
7,2024-05-02 08:07:18,3,8
7,2024-05-02 08:09:18,2,8
7,2024-05-02 08:09:24,2,8
7,2024-05-02 08:09:51,2,8
7,2024-05-02 08:10:00,2,8
7,2024-05-02 08:10:03,2,8
7,2024-05-02 08:10:21,2,8
7,2024-05-02 08:10:24,2,8
7,2024-05-02 08:10:33,2,8
7,2024-05-02 08:10:57,2,8
7,2024-05-02 08:13:51,2,8
7,2024-05-02 08:14:18,2,8
7,2024-05-02 08:16:09,2,8
7,2024-05-02 08:16:30,2,8
7,2024-05-02 08:16:42,2,8
7,2024-05-02 08:17:12,2,8
7,2024-05-02 08:17:21,2,8
7,2024-05-02 08:17:36,2,8
7,2024-05-02 08:17:42,2,8
7,2024-05-02 08:17:45,2,8
7,2024-05-02 08:18:48,2,8
7,2024-05-02 08:18:51,3,8
7,2024-05-02 08:19:03,3,8
7,2024-05-02 08:19:06,2,8
7,2024-05-02 08:19:33,2,8
7,2024-05-02 08:21:06,2,8
7,2024-05-02 08:24:03,2,8
7,2024-05-02 08:25:48,2,8
7,2024-05-02 08:26:03,2,8
7,2024-05-02 08:26:09,2,8
7,2024-05-02 08:27:03,2,8
7,2024-05-02 08:27:45,2,8
7,2024-05-02 08:27:51,2,8
7,2024-05-02 08:27:54,2,8
7,2024-05-02 08:27:57,2,8
7,2024-05-02 08:28:00,2,8
7,2024-05-02 08:28:12,2,8
7,2024-05-02 08:28:48,2,8
7,2024-05-02 08:29:00,2,8
7,2024-05-02 09:00:00,2,9
7,2024-05-02 09:00:06,2,9
7,2024-05-02 09:00:18,2,9
7,2024-05-02 09:01:36,2,9
7,2024-05-02 09:02:18,2,9
7,2024-05-02 09:03:06,2,9
7,2024-05-02 09:04:39,2,9
7,2024-05-02 09:04:42,2,9
7,2024-05-02 09:07:15,2,9
7,2024-05-02 09:07:33,2,9
7,2024-05-02 09:08:18,2,9
7,2024-05-02 09:08:36,2,9
7,2024-05-02 09:11:06,2,9
7,2024-05-02 09:18:09,2,9
7,2024-05-02 09:19:51,2,9
7,2024-05-02 09:21:18,2,9
7,2024-05-02 09:22:57,2,9
7,2024-05-02 09:23:21,2,9
7,2024-05-02 09:24:27,2,9
7,2024-05-02 09:24:42,2,9
7,2024-05-02 09:27:03,2,9
7,2024-05-02 09:27:24,2,9
7,2024-05-02 09:28:51,2,9
7,2024-05-03 04:14:45,2,4
7,2024-05-03 05:00:06,2,5
7,2024-05-03 05:03:06,2,5
7,2024-05-03 05:08:06,2,5
7,2024-05-03 05:08:30,2,5
7,2024-05-03 05:21:42,2,5
7,2024-05-03 05:21:45,2,5
7,2024-05-03 05:22:24,2,5
7,2024-05-03 05:28:48,2,5
7,2024-05-03 05:29:06,2,5
7,2024-05-03 05:29:36,2,5
7,2024-05-03 06:00:06,2,6
7,2024-05-03 06:00:24,2,6
7,2024-05-03 06:03:15,2,6
7,2024-05-03 06:03:18,2,6
7,2024-05-03 06:03:24,2,6
7,2024-05-03 06:04:57,2,6
7,2024-05-03 06:05:57,2,6
7,2024-05-03 06:11:12,2,6
7,2024-05-03 06:12:39,2,6
7,2024-05-03 06:15:27,2,6
7,2024-05-03 06:15:30,3,6
7,2024-05-03 06:15:33,2,6
7,2024-05-03 06:17:15,2,6
7,2024-05-03 06:17:18,2,6
7,2024-05-03 06:17:33,2,6
7,2024-05-03 06:17:54,2,6
7,2024-05-03 06:26:03,2,6
7,2024-05-03 06:26:06,2,6
7,2024-05-03 06:26:30,2,6
7,2024-05-03 06:26:39,2,6
7,2024-05-03 06:26:45,2,6
7,2024-05-03 06:27:21,2,6
7,2024-05-03 07:00:39,2,7
7,2024-05-03 07:01:45,2,7
7,2024-05-03 07:04:21,2,7
7,2024-05-03 07:06:12,2,7
7,2024-05-03 07:07:00,2,7
7,2024-05-03 07:07:21,2,7
7,2024-05-03 07:07:24,2,7
7,2024-05-03 07:07:45,2,7
7,2024-05-03 07:10:00,2,7
7,2024-05-03 07:10:12,2,7
7,2024-05-03 07:10:33,2,7
7,2024-05-03 07:10:39,2,7
7,2024-05-03 07:10:54,2,7
7,2024-05-03 07:11:54,2,7
7,2024-05-03 07:12:54,2,7
7,2024-05-03 07:13:30,2,7
7,2024-05-03 07:13:36,2,7
7,2024-05-03 07:13:45,2,7
7,2024-05-03 07:14:18,2,7
7,2024-05-03 07:15:09,2,7
7,2024-05-03 07:17:00,2,7
7,2024-05-03 07:17:15,2,7
7,2024-05-03 07:17:24,2,7
7,2024-05-03 07:17:33,2,7
7,2024-05-03 07:19:03,2,7
7,2024-05-03 07:19:06,2,7
7,2024-05-03 07:19:24,2,7
7,2024-05-03 07:19:39,3,7
7,2024-05-03 07:19:42,2,7
7,2024-05-03 07:19:48,2,7
7,2024-05-03 07:19:54,2,7
7,2024-05-03 07:20:00,3,7
7,2024-05-03 07:21:57,2,7
7,2024-05-03 07:23:18,2,7
7,2024-05-03 07:23:57,2,7
7,2024-05-03 07:24:24,2,7
7,2024-05-03 07:25:36,2,7
7,2024-05-03 07:26:51,2,7
7,2024-05-03 07:27:06,2,7
7,2024-05-03 07:27:30,2,7
7,2024-05-03 07:29:00,2,7
7,2024-05-03 08:00:48,2,8
7,2024-05-03 08:03:21,2,8
7,2024-05-03 08:05:36,2,8
7,2024-05-03 08:05:39,2,8
7,2024-05-03 08:06:33,2,8
7,2024-05-03 08:06:54,2,8
7,2024-05-03 08:09:03,2,8
7,2024-05-03 08:09:12,2,8
7,2024-05-03 08:10:00,2,8
7,2024-05-03 08:11:09,2,8
7,2024-05-03 08:11:45,2,8
7,2024-05-03 08:12:54,2,8
7,2024-05-03 08:13:12,2,8
7,2024-05-03 08:15:51,2,8
7,2024-05-03 08:16:06,2,8
7,2024-05-03 08:20:03,2,8
7,2024-05-03 08:20:15,2,8
7,2024-05-03 08:20:33,2,8
7,2024-05-03 08:21:06,2,8
7,2024-05-03 08:23:39,2,8
7,2024-05-03 08:23:42,2,8
7,2024-05-03 08:25:06,2,8
7,2024-05-03 08:26:21,2,8
7,2024-05-03 08:27:00,2,8
7,2024-05-03 09:03:36,2,9
7,2024-05-03 09:09:15,2,9
7,2024-05-03 09:09:36,2,9
7,2024-05-03 09:10:03,2,9
7,2024-05-03 09:10:33,2,9
7,2024-05-03 09:10:54,2,9
7,2024-05-03 09:12:27,2,9
7,2024-05-03 09:12:57,2,9
7,2024-05-03 09:13:00,2,9
7,2024-05-03 09:13:03,3,9
7,2024-05-03 09:13:06,2,9
7,2024-05-03 09:13:18,2,9
7,2024-05-03 09:13:30,2,9
7,2024-05-03 09:13:33,2,9
7,2024-05-03 09:13:39,2,9
7,2024-05-03 09:13:42,2,9
7,2024-05-03 09:15:33,2,9
7,2024-05-03 09:15:48,2,9
7,2024-05-03 09:17:51,2,9
7,2024-05-03 09:20:36,2,9
7,2024-05-03 09:22:27,2,9
7,2024-05-03 09:22:57,2,9
7,2024-05-03 09:27:12,2,9
7,2024-05-03 09:29:54,2,9
7,2024-05-04 04:08:33,2,4
7,2024-05-04 05:01:36,2,5
7,2024-05-04 05:02:54,2,5
7,2024-05-04 05:02:57,2,5
7,2024-05-04 05:16:54,2,5
7,2024-05-04 05:19:09,2,5
7,2024-05-04 05:27:09,2,5
7,2024-05-04 05:27:30,2,5
7,2024-05-04 05:28:24,2,5
7,2024-05-04 05:28:45,2,5
7,2024-05-04 06:00:27,2,6
7,2024-05-04 06:02:45,2,6
7,2024-05-04 06:03:30,2,6
7,2024-05-04 06:04:33,2,6
7,2024-05-04 06:04:36,2,6
7,2024-05-04 06:05:00,2,6
7,2024-05-04 06:08:18,2,6
7,2024-05-04 06:11:18,2,6
7,2024-05-04 06:12:12,2,6
7,2024-05-04 06:13:45,2,6
7,2024-05-04 06:13:54,3,6
7,2024-05-04 06:14:39,2,6
7,2024-05-04 06:15:54,2,6
7,2024-05-04 06:16:54,2,6
7,2024-05-04 06:21:27,2,6
7,2024-05-04 06:25:00,2,6
7,2024-05-04 06:25:57,2,6
7,2024-05-04 06:26:27,2,6
7,2024-05-04 06:26:54,2,6
7,2024-05-04 06:27:36,2,6
7,2024-05-04 06:28:00,2,6
7,2024-05-04 06:28:06,2,6
7,2024-05-04 06:28:12,2,6
7,2024-05-04 06:28:15,2,6
7,2024-05-04 06:28:21,2,6
7,2024-05-04 06:28:33,2,6
7,2024-05-04 06:28:36,2,6
7,2024-05-04 06:28:39,2,6
7,2024-05-04 06:28:42,2,6
7,2024-05-04 06:28:45,2,6
7,2024-05-04 06:28:51,2,6
7,2024-05-04 06:29:33,2,6
7,2024-05-04 07:05:48,2,7
7,2024-05-04 07:09:45,2,7
7,2024-05-04 07:11:57,2,7
7,2024-05-04 07:12:09,2,7
7,2024-05-04 07:15:00,2,7
7,2024-05-04 07:16:45,2,7
7,2024-05-04 07:18:03,2,7
7,2024-05-04 07:18:06,2,7
7,2024-05-04 07:19:33,2,7
7,2024-05-04 07:19:36,2,7
7,2024-05-04 07:19:42,2,7
7,2024-05-04 07:20:12,2,7
7,2024-05-04 07:20:15,2,7
7,2024-05-04 08:00:15,2,8
7,2024-05-04 08:06:06,2,8
7,2024-05-04 08:06:12,2,8
7,2024-05-04 08:10:54,2,8
7,2024-05-04 08:12:03,2,8
7,2024-05-04 08:12:12,2,8
7,2024-05-04 08:12:21,2,8
7,2024-05-04 08:12:39,2,8
7,2024-05-04 08:16:48,2,8
7,2024-05-04 08:17:18,2,8
7,2024-05-04 08:17:33,2,8
7,2024-05-04 08:17:45,2,8
7,2024-05-04 08:17:54,2,8
7,2024-05-04 08:18:12,2,8
7,2024-05-04 08:19:51,2,8
7,2024-05-04 08:19:54,2,8
7,2024-05-04 08:20:15,2,8
7,2024-05-04 08:20:18,2,8
7,2024-05-04 08:20:21,2,8
7,2024-05-04 08:20:42,2,8
7,2024-05-04 08:21:06,2,8
7,2024-05-04 08:23:30,2,8
7,2024-05-04 08:23:51,2,8
7,2024-05-04 08:23:54,2,8
7,2024-05-04 08:23:57,2,8
7,2024-05-04 08:24:21,2,8
7,2024-05-04 08:24:30,2,8
7,2024-05-04 08:28:27,2,8
7,2024-05-04 08:28:33,2,8
7,2024-05-04 09:00:03,2,9
7,2024-05-04 09:00:15,2,9
7,2024-05-04 09:04:00,2,9
7,2024-05-04 09:04:36,2,9
7,2024-05-04 09:04:51,2,9
7,2024-05-04 09:04:54,3,9
7,2024-05-04 09:04:57,2,9
7,2024-05-04 09:05:00,2,9
7,2024-05-04 09:06:27,2,9
7,2024-05-04 09:06:30,2,9
7,2024-05-04 09:07:30,2,9
7,2024-05-04 09:09:42,2,9
7,2024-05-04 09:13:03,2,9
7,2024-05-04 09:13:33,2,9
7,2024-05-04 09:14:27,2,9
7,2024-05-04 09:14:36,2,9
7,2024-05-04 09:14:54,2,9
7,2024-05-04 09:15:00,2,9
7,2024-05-04 09:15:57,2,9
7,2024-05-04 09:16:00,2,9
7,2024-05-04 09:16:48,2,9
7,2024-05-04 09:16:54,2,9
7,2024-05-04 09:17:03,2,9
7,2024-05-04 09:17:21,2,9
7,2024-05-04 09:18:21,2,9
7,2024-05-04 09:19:33,2,9
7,2024-05-04 09:20:15,2,9
7,2024-05-04 09:21:33,2,9
7,2024-05-04 09:23:39,2,9
7,2024-05-04 09:27:06,3,9
7,2024-05-04 09:27:30,2,9
7,2024-05-04 09:28:45,2,9
7,2024-05-04 09:28:57,2,9
7,2024-05-05 04:11:15,2,4
7,2024-05-05 04:15:21,2,4
7,2024-05-05 05:03:06,2,5
7,2024-05-05 05:06:24,2,5
7,2024-05-05 05:06:33,2,5
7,2024-05-05 05:06:39,2,5
7,2024-05-05 05:06:54,2,5
7,2024-05-05 05:18:51,2,5
7,2024-05-05 05:19:12,2,5
7,2024-05-05 05:20:57,2,5
7,2024-05-05 05:21:06,2,5
7,2024-05-05 05:21:33,2,5
7,2024-05-05 05:21:39,2,5
7,2024-05-05 05:21:51,2,5
7,2024-05-05 05:25:15,2,5
7,2024-05-05 05:25:24,2,5
7,2024-05-05 05:28:06,2,5
7,2024-05-05 05:28:33,2,5
7,2024-05-05 05:29:18,2,5
7,2024-05-05 05:29:48,2,5
7,2024-05-05 06:01:36,2,6
7,2024-05-05 06:01:48,2,6
7,2024-05-05 06:01:51,2,6
7,2024-05-05 06:02:00,2,6
7,2024-05-05 06:02:03,2,6
7,2024-05-05 06:02:06,2,6
7,2024-05-05 06:02:09,2,6
7,2024-05-05 06:03:06,2,6
7,2024-05-05 06:03:21,2,6
7,2024-05-05 06:04:54,2,6
7,2024-05-05 06:06:00,2,6
7,2024-05-05 06:09:00,2,6
7,2024-05-05 06:09:06,2,6
7,2024-05-05 06:10:21,2,6
7,2024-05-05 06:14:03,2,6
7,2024-05-05 06:14:06,2,6
7,2024-05-05 06:14:09,2,6
7,2024-05-05 06:14:27,2,6
7,2024-05-05 06:14:30,2,6
7,2024-05-05 06:14:33,2,6
7,2024-05-05 06:15:00,2,6
7,2024-05-05 06:15:06,2,6
7,2024-05-05 06:18:51,2,6
7,2024-05-05 06:18:54,2,6
7,2024-05-05 06:18:57,2,6
7,2024-05-05 06:19:00,2,6
7,2024-05-05 06:19:12,2,6
7,2024-05-05 06:19:15,2,6
7,2024-05-05 06:19:30,2,6
7,2024-05-05 06:19:33,2,6
7,2024-05-05 06:19:36,2,6
7,2024-05-05 06:24:36,2,6
7,2024-05-05 06:24:39,2,6
7,2024-05-05 06:25:15,2,6
7,2024-05-05 06:25:18,2,6
7,2024-05-05 07:00:12,2,7
7,2024-05-05 07:00:21,2,7
7,2024-05-05 07:00:24,2,7
7,2024-05-05 07:01:18,2,7
7,2024-05-05 07:01:24,2,7
7,2024-05-05 07:01:30,2,7
7,2024-05-05 07:01:33,2,7
7,2024-05-05 07:01:36,2,7
7,2024-05-05 07:01:39,2,7
7,2024-05-05 07:03:27,2,7
7,2024-05-05 07:03:51,2,7
7,2024-05-05 07:04:18,2,7
7,2024-05-05 07:04:21,2,7
7,2024-05-05 07:04:33,2,7
7,2024-05-05 07:04:36,2,7
7,2024-05-05 07:05:30,2,7
7,2024-05-05 07:05:45,2,7
7,2024-05-05 07:05:57,2,7
7,2024-05-05 07:06:15,2,7
7,2024-05-05 07:06:24,2,7
7,2024-05-05 07:06:30,2,7
7,2024-05-05 07:07:00,2,7
7,2024-05-05 07:07:09,2,7
7,2024-05-05 07:07:24,2,7
7,2024-05-05 07:07:27,2,7
7,2024-05-05 07:07:30,2,7
7,2024-05-05 07:07:51,2,7
7,2024-05-05 07:08:21,2,7
7,2024-05-05 07:08:33,2,7
7,2024-05-05 07:08:42,2,7
7,2024-05-05 07:09:03,2,7
7,2024-05-05 07:09:39,2,7
7,2024-05-05 07:09:48,2,7
7,2024-05-05 07:09:51,2,7
7,2024-05-05 07:09:57,2,7
7,2024-05-05 07:10:54,2,7
7,2024-05-05 07:10:57,2,7
7,2024-05-05 07:11:00,2,7
7,2024-05-05 07:11:30,2,7
7,2024-05-05 07:11:42,2,7
7,2024-05-05 07:11:45,2,7
7,2024-05-05 07:11:54,2,7
7,2024-05-05 07:12:06,2,7
7,2024-05-05 07:12:39,2,7
7,2024-05-05 07:17:48,2,7
7,2024-05-05 07:19:30,2,7
7,2024-05-05 07:19:33,2,7
7,2024-05-05 07:19:48,2,7
7,2024-05-05 07:20:30,2,7
7,2024-05-05 07:20:42,2,7
7,2024-05-05 07:21:06,2,7
7,2024-05-05 07:21:30,2,7
7,2024-05-05 07:23:27,2,7
7,2024-05-05 07:23:30,2,7
7,2024-05-05 07:24:15,2,7
7,2024-05-05 07:25:21,2,7
7,2024-05-05 07:25:54,2,7
7,2024-05-05 07:26:03,2,7
7,2024-05-05 07:26:15,2,7
7,2024-05-05 07:28:09,2,7
7,2024-05-05 07:29:03,2,7
7,2024-05-05 08:01:33,2,8
7,2024-05-05 08:01:42,2,8
7,2024-05-05 08:02:03,2,8
7,2024-05-05 08:02:33,2,8
7,2024-05-05 08:03:24,2,8
7,2024-05-05 08:05:21,2,8
7,2024-05-05 08:05:36,2,8
7,2024-05-05 08:05:42,2,8
7,2024-05-05 08:06:00,2,8
7,2024-05-05 08:06:03,2,8
7,2024-05-05 08:08:06,2,8
7,2024-05-05 08:08:45,2,8
7,2024-05-05 08:09:09,2,8
7,2024-05-05 08:11:09,2,8
7,2024-05-05 08:11:33,2,8
7,2024-05-05 08:11:57,2,8
7,2024-05-05 08:14:09,2,8
7,2024-05-05 08:15:18,2,8
7,2024-05-05 08:16:21,2,8
7,2024-05-05 08:19:42,2,8
7,2024-05-05 08:20:00,2,8
7,2024-05-05 08:20:15,2,8
7,2024-05-05 08:20:27,2,8
7,2024-05-05 08:20:36,2,8
7,2024-05-05 08:20:57,2,8
7,2024-05-05 08:22:51,2,8
7,2024-05-05 08:24:18,2,8
7,2024-05-05 08:26:48,2,8
7,2024-05-05 08:27:03,2,8
7,2024-05-05 08:27:54,2,8
7,2024-05-05 08:28:48,2,8
7,2024-05-05 09:00:00,2,9
7,2024-05-05 09:03:00,2,9
7,2024-05-05 09:03:15,2,9
7,2024-05-05 09:03:24,2,9
7,2024-05-05 09:03:33,2,9
7,2024-05-05 09:06:09,2,9
7,2024-05-05 09:06:12,2,9
7,2024-05-05 09:08:51,2,9
7,2024-05-05 09:09:09,2,9
7,2024-05-05 09:09:48,2,9
7,2024-05-05 09:09:57,2,9
7,2024-05-05 09:10:12,2,9
7,2024-05-05 09:11:33,2,9
7,2024-05-05 09:11:39,3,9
7,2024-05-05 09:11:48,2,9
7,2024-05-05 09:12:42,2,9
7,2024-05-05 09:12:48,2,9
7,2024-05-05 09:13:12,2,9
7,2024-05-05 09:13:36,2,9
7,2024-05-05 09:17:06,2,9
7,2024-05-05 09:17:57,2,9
7,2024-05-05 09:18:39,2,9
7,2024-05-05 09:19:12,2,9
7,2024-05-05 09:19:15,2,9
7,2024-05-05 09:19:45,2,9
7,2024-05-05 09:19:57,2,9
7,2024-05-05 09:20:00,3,9
7,2024-05-05 09:20:03,2,9
7,2024-05-05 09:20:21,2,9
7,2024-05-05 09:21:09,2,9
7,2024-05-05 09:21:27,2,9
7,2024-05-05 09:22:33,2,9
7,2024-05-05 09:24:18,2,9
7,2024-05-05 09:25:33,2,9
7,2024-05-05 09:25:57,2,9
7,2024-05-05 09:27:36,2,9
7,2024-05-05 09:28:18,2,9
7,2024-05-05 09:28:24,2,9
7,2024-05-05 09:29:21,2,9
7,2024-05-06 04:11:00,2,4
7,2024-05-06 04:15:27,2,4
7,2024-05-06 04:29:03,2,4
7,2024-05-06 05:01:54,2,5
7,2024-05-06 05:03:30,2,5
7,2024-05-06 05:04:42,2,5
7,2024-05-06 05:04:57,2,5
7,2024-05-06 05:05:33,2,5
7,2024-05-06 05:05:51,2,5
7,2024-05-06 05:06:12,2,5
7,2024-05-06 05:06:18,2,5
7,2024-05-06 05:07:30,2,5
7,2024-05-06 05:12:48,2,5
7,2024-05-06 05:13:00,2,5
7,2024-05-06 05:20:39,2,5
7,2024-05-06 05:22:03,2,5
7,2024-05-06 05:22:42,2,5
7,2024-05-06 05:22:45,2,5
7,2024-05-06 05:22:54,2,5
7,2024-05-06 05:25:15,2,5
7,2024-05-06 05:26:51,2,5
7,2024-05-06 05:28:18,2,5
7,2024-05-06 06:00:18,2,6
7,2024-05-06 06:02:57,2,6
7,2024-05-06 06:08:45,2,6
7,2024-05-06 06:08:57,2,6
7,2024-05-06 06:09:27,2,6
7,2024-05-06 06:10:06,2,6
7,2024-05-06 06:12:12,2,6
7,2024-05-06 06:13:51,2,6
7,2024-05-06 06:15:21,2,6
7,2024-05-06 06:17:15,2,6
7,2024-05-06 06:17:48,2,6
7,2024-05-06 06:18:18,2,6
7,2024-05-06 06:21:06,2,6
7,2024-05-06 06:24:21,2,6
7,2024-05-06 06:25:36,2,6
7,2024-05-06 06:26:15,2,6
7,2024-05-06 06:26:33,2,6
7,2024-05-06 06:28:24,2,6
7,2024-05-06 06:28:45,2,6
7,2024-05-06 07:01:36,2,7
7,2024-05-06 07:02:12,2,7
7,2024-05-06 07:03:30,2,7
7,2024-05-06 07:03:36,2,7
7,2024-05-06 07:04:03,2,7
7,2024-05-06 07:04:24,2,7
7,2024-05-06 07:04:27,2,7
7,2024-05-06 07:06:12,2,7
7,2024-05-06 07:06:30,2,7
7,2024-05-06 07:06:33,2,7
7,2024-05-06 07:07:06,2,7
7,2024-05-06 07:07:54,2,7
7,2024-05-06 07:09:33,2,7
7,2024-05-06 07:10:09,2,7
7,2024-05-06 07:10:54,2,7
7,2024-05-06 07:11:15,2,7
7,2024-05-06 07:11:18,2,7
7,2024-05-06 07:14:51,2,7
7,2024-05-06 07:14:57,2,7
7,2024-05-06 07:15:00,2,7
7,2024-05-06 07:15:03,2,7
7,2024-05-06 07:16:15,2,7
7,2024-05-06 07:16:24,2,7
7,2024-05-06 07:16:45,2,7
7,2024-05-06 07:17:00,2,7
7,2024-05-06 07:18:06,2,7
7,2024-05-06 07:22:00,2,7
7,2024-05-06 07:22:21,2,7
7,2024-05-06 07:25:12,2,7
7,2024-05-06 07:25:15,2,7
7,2024-05-06 07:25:27,2,7
7,2024-05-06 07:25:33,2,7
7,2024-05-06 07:27:18,2,7
7,2024-05-06 07:27:33,2,7
7,2024-05-06 07:27:36,2,7
7,2024-05-06 07:28:12,2,7
7,2024-05-06 07:28:33,2,7
7,2024-05-06 07:29:21,2,7
7,2024-05-06 07:29:24,2,7
7,2024-05-06 08:00:03,2,8
7,2024-05-06 08:00:15,2,8
7,2024-05-06 08:00:18,2,8
7,2024-05-06 08:00:39,2,8
7,2024-05-06 08:02:12,2,8
7,2024-05-06 08:02:57,2,8
7,2024-05-06 08:03:51,2,8
7,2024-05-06 08:06:00,2,8
7,2024-05-06 08:06:33,2,8
7,2024-05-06 08:06:36,2,8
7,2024-05-06 08:07:06,2,8
7,2024-05-06 08:07:18,2,8
7,2024-05-06 08:07:27,2,8
7,2024-05-06 08:07:45,2,8
7,2024-05-06 08:07:57,2,8
7,2024-05-06 08:08:09,2,8
7,2024-05-06 08:08:21,2,8
7,2024-05-06 08:08:27,2,8
7,2024-05-06 08:08:33,2,8
7,2024-05-06 08:10:12,3,8
7,2024-05-06 08:11:33,2,8
7,2024-05-06 08:12:27,2,8
7,2024-05-06 08:15:12,2,8
7,2024-05-06 08:15:54,2,8
7,2024-05-06 08:15:57,2,8
7,2024-05-06 08:18:33,2,8
7,2024-05-06 08:18:36,2,8
7,2024-05-06 08:20:06,2,8
7,2024-05-06 08:20:54,2,8
7,2024-05-06 08:22:30,2,8
7,2024-05-06 08:22:39,2,8
7,2024-05-06 08:24:30,2,8
7,2024-05-06 08:25:30,2,8
7,2024-05-06 08:28:15,2,8
7,2024-05-06 08:29:09,2,8
7,2024-05-06 08:29:36,2,8
7,2024-05-06 08:29:51,2,8
7,2024-05-06 09:01:06,2,9
7,2024-05-06 09:01:21,2,9
7,2024-05-06 09:01:48,2,9
7,2024-05-06 09:02:03,2,9
7,2024-05-06 09:02:15,2,9
7,2024-05-06 09:02:24,2,9
7,2024-05-06 09:02:51,2,9
7,2024-05-06 09:03:15,2,9
7,2024-05-06 09:03:27,2,9
7,2024-05-06 09:03:51,2,9
7,2024-05-06 09:04:00,2,9
7,2024-05-06 09:04:06,2,9
7,2024-05-06 09:06:51,2,9
7,2024-05-06 09:07:30,2,9
7,2024-05-06 09:08:30,2,9
7,2024-05-06 09:10:54,2,9
7,2024-05-06 09:10:57,2,9
7,2024-05-06 09:11:00,2,9
7,2024-05-06 09:13:51,2,9
7,2024-05-06 09:15:12,2,9
7,2024-05-06 09:15:18,2,9
7,2024-05-06 09:16:21,2,9
7,2024-05-06 09:16:45,2,9
7,2024-05-06 09:16:57,2,9
7,2024-05-06 09:17:00,2,9
7,2024-05-06 09:17:06,2,9
7,2024-05-06 09:17:09,2,9
7,2024-05-06 09:17:12,2,9
7,2024-05-06 09:17:15,2,9
7,2024-05-06 09:17:24,2,9
7,2024-05-06 09:18:18,2,9
7,2024-05-06 09:18:24,2,9
7,2024-05-06 09:18:27,2,9
7,2024-05-06 09:19:27,2,9
7,2024-05-06 09:20:12,2,9
7,2024-05-06 09:20:24,2,9
7,2024-05-06 09:22:30,2,9
7,2024-05-06 09:23:12,2,9
7,2024-05-06 09:23:33,2,9
7,2024-05-06 09:24:09,2,9
7,2024-05-06 09:25:18,2,9
7,2024-05-06 09:27:48,3,9
7,2024-05-06 09:27:51,2,9
7,2024-05-06 09:29:18,2,9
7,2024-05-06 09:29:51,2,9
7,2024-05-07 04:17:12,2,4
7,2024-05-07 04:17:21,2,4
7,2024-05-07 04:27:30,2,4
7,2024-05-07 05:04:09,3,5
7,2024-05-07 05:08:45,2,5
7,2024-05-07 05:09:00,2,5
7,2024-05-07 05:09:51,2,5
7,2024-05-07 05:10:30,2,5
7,2024-05-07 05:11:33,2,5
7,2024-05-07 05:14:21,2,5
7,2024-05-07 05:14:45,2,5
7,2024-05-07 05:15:15,2,5
7,2024-05-07 05:16:12,2,5
7,2024-05-07 05:16:18,2,5
7,2024-05-07 05:16:21,3,5
7,2024-05-07 05:16:30,2,5
7,2024-05-07 05:16:45,2,5
7,2024-05-07 05:17:06,2,5
7,2024-05-07 05:17:27,2,5
7,2024-05-07 05:17:42,2,5
7,2024-05-07 05:18:21,2,5
7,2024-05-07 05:18:39,2,5
7,2024-05-07 05:18:42,2,5
7,2024-05-07 05:18:45,2,5
7,2024-05-07 05:20:36,2,5
7,2024-05-07 05:21:15,2,5
7,2024-05-07 05:22:03,2,5
7,2024-05-07 05:22:06,2,5
7,2024-05-07 05:23:18,2,5
7,2024-05-07 05:23:30,2,5
7,2024-05-07 05:23:42,2,5
7,2024-05-07 05:23:48,2,5
7,2024-05-07 05:23:51,2,5
7,2024-05-07 05:23:57,2,5
7,2024-05-07 05:24:00,2,5
7,2024-05-07 05:24:12,2,5
7,2024-05-07 05:24:15,2,5
7,2024-05-07 05:26:51,2,5
7,2024-05-07 05:27:39,2,5
7,2024-05-07 06:04:51,2,6
7,2024-05-07 06:04:54,2,6
7,2024-05-07 06:05:06,2,6
7,2024-05-07 06:05:36,2,6
7,2024-05-07 06:05:48,2,6
7,2024-05-07 06:07:27,2,6
7,2024-05-07 06:10:48,2,6
7,2024-05-07 06:13:00,2,6
7,2024-05-07 06:14:12,2,6
7,2024-05-07 06:21:12,2,6
7,2024-05-07 06:21:24,2,6
7,2024-05-07 06:22:18,2,6
7,2024-05-07 06:22:48,2,6
7,2024-05-07 06:22:54,2,6
7,2024-05-07 06:24:48,2,6
7,2024-05-07 06:27:33,3,6
7,2024-05-07 06:27:39,2,6
7,2024-05-07 06:28:36,2,6
7,2024-05-07 07:00:39,2,7
7,2024-05-07 07:01:57,2,7
7,2024-05-07 07:05:51,2,7
7,2024-05-07 07:06:42,2,7
7,2024-05-07 07:06:48,2,7
7,2024-05-07 07:06:54,2,7
7,2024-05-07 07:06:57,2,7
7,2024-05-07 07:08:57,2,7
7,2024-05-07 07:10:21,2,7
7,2024-05-07 07:10:30,2,7
7,2024-05-07 07:12:06,2,7
7,2024-05-07 07:12:21,2,7
7,2024-05-07 07:13:33,2,7
7,2024-05-07 07:15:45,2,7
7,2024-05-07 07:18:30,2,7
7,2024-05-07 07:21:00,2,7
7,2024-05-07 07:22:54,2,7
7,2024-05-07 07:25:42,2,7
7,2024-05-07 07:25:45,2,7
7,2024-05-07 07:25:48,2,7
7,2024-05-07 07:26:06,2,7
7,2024-05-07 07:26:09,2,7
7,2024-05-07 07:26:12,2,7
7,2024-05-07 07:26:15,2,7
7,2024-05-07 07:27:30,2,7
7,2024-05-07 07:28:06,2,7
7,2024-05-07 07:28:21,2,7
7,2024-05-07 07:29:03,2,7
7,2024-05-07 07:29:06,2,7
7,2024-05-07 07:29:12,2,7
7,2024-05-07 07:29:15,2,7
7,2024-05-07 07:29:18,2,7
7,2024-05-07 07:29:36,2,7
7,2024-05-07 07:29:42,2,7
7,2024-05-07 07:29:45,2,7
7,2024-05-07 08:00:18,2,8
7,2024-05-07 08:00:36,2,8
7,2024-05-07 08:01:27,2,8
7,2024-05-07 08:03:30,2,8
7,2024-05-07 08:03:33,2,8
7,2024-05-07 08:04:00,2,8
7,2024-05-07 08:09:48,2,8
7,2024-05-07 08:10:33,2,8
7,2024-05-07 08:15:27,2,8
7,2024-05-07 08:16:18,2,8
7,2024-05-07 08:17:27,2,8
7,2024-05-07 08:17:42,2,8
7,2024-05-07 08:17:57,2,8
7,2024-05-07 08:19:33,2,8
7,2024-05-07 08:19:45,2,8
7,2024-05-07 08:20:21,2,8
7,2024-05-07 08:20:36,2,8
7,2024-05-07 08:20:42,2,8
7,2024-05-07 08:21:42,2,8
7,2024-05-07 08:21:54,2,8
7,2024-05-07 08:22:51,2,8
7,2024-05-07 08:25:12,2,8
7,2024-05-07 08:25:24,2,8
7,2024-05-07 08:26:09,2,8
7,2024-05-07 08:26:42,2,8
7,2024-05-07 09:01:09,2,9
7,2024-05-07 09:01:48,2,9
7,2024-05-07 09:02:45,2,9
7,2024-05-07 09:03:12,2,9
7,2024-05-07 09:04:00,2,9
7,2024-05-07 09:04:21,2,9
7,2024-05-07 09:05:45,2,9
7,2024-05-07 09:06:06,2,9
7,2024-05-07 09:07:03,2,9
7,2024-05-07 09:07:18,2,9
7,2024-05-07 09:07:39,2,9
7,2024-05-07 09:07:45,2,9
7,2024-05-07 09:07:54,3,9
7,2024-05-07 09:08:48,2,9
7,2024-05-07 09:09:09,2,9
7,2024-05-07 09:09:36,2,9
7,2024-05-07 09:13:45,2,9
7,2024-05-07 09:15:33,2,9
7,2024-05-07 09:16:27,2,9
7,2024-05-07 09:16:57,2,9
7,2024-05-07 09:19:45,2,9
7,2024-05-07 09:20:57,2,9
7,2024-05-07 09:22:48,2,9
7,2024-05-07 09:22:51,2,9
7,2024-05-07 09:23:00,2,9
7,2024-05-07 09:23:03,2,9
7,2024-05-07 09:25:00,2,9
7,2024-05-07 09:25:03,2,9
7,2024-05-07 09:25:57,2,9
7,2024-05-07 09:27:03,2,9
7,2024-05-07 09:27:33,2,9
7,2024-05-07 09:29:57,2,9
7,2024-05-08 04:23:57,2,4
7,2024-05-08 05:01:21,2,5
7,2024-05-08 05:04:57,2,5
7,2024-05-08 05:07:39,2,5
7,2024-05-08 05:14:15,2,5
7,2024-05-08 05:15:24,2,5
7,2024-05-08 05:15:42,2,5
7,2024-05-08 05:20:30,2,5
7,2024-05-08 05:20:33,2,5
7,2024-05-08 05:22:30,2,5
7,2024-05-08 05:22:33,2,5
7,2024-05-08 05:22:36,2,5
7,2024-05-08 05:23:27,2,5
7,2024-05-08 05:23:57,2,5
7,2024-05-08 05:24:00,2,5
7,2024-05-08 05:24:12,2,5
7,2024-05-08 05:24:33,2,5
7,2024-05-08 05:24:48,2,5
7,2024-05-08 05:24:57,2,5
7,2024-05-08 05:25:42,2,5
7,2024-05-08 05:27:03,2,5
7,2024-05-08 05:27:27,2,5
7,2024-05-08 05:28:00,2,5
7,2024-05-08 05:28:03,2,5
7,2024-05-08 05:28:09,2,5
7,2024-05-08 05:28:39,2,5
7,2024-05-08 05:28:57,2,5
7,2024-05-08 05:29:00,2,5
7,2024-05-08 05:29:27,2,5
7,2024-05-08 05:29:36,2,5
7,2024-05-08 06:01:15,2,6
7,2024-05-08 06:02:42,2,6
7,2024-05-08 06:05:24,2,6
7,2024-05-08 06:06:57,2,6
7,2024-05-08 06:08:48,2,6
7,2024-05-08 06:11:15,2,6
7,2024-05-08 06:11:45,2,6
7,2024-05-08 06:15:00,2,6
7,2024-05-08 06:15:24,2,6
7,2024-05-08 06:16:57,2,6
7,2024-05-08 06:17:24,2,6
7,2024-05-08 06:18:00,2,6
7,2024-05-08 06:18:03,2,6
7,2024-05-08 06:18:09,2,6
7,2024-05-08 06:19:15,2,6
7,2024-05-08 06:20:00,2,6
7,2024-05-08 06:21:03,2,6
7,2024-05-08 06:21:09,2,6
7,2024-05-08 06:22:03,2,6
7,2024-05-08 06:22:42,2,6
7,2024-05-08 06:23:00,2,6
7,2024-05-08 06:24:00,2,6
7,2024-05-08 06:26:06,2,6
7,2024-05-08 06:28:30,2,6
7,2024-05-08 06:28:39,2,6
7,2024-05-08 06:28:42,3,6
7,2024-05-08 06:29:09,2,6
7,2024-05-08 06:29:27,2,6
7,2024-05-08 07:01:27,2,7
7,2024-05-08 07:01:30,2,7
7,2024-05-08 07:04:00,2,7
7,2024-05-08 07:04:09,2,7
7,2024-05-08 07:07:12,2,7
7,2024-05-08 07:07:21,2,7
7,2024-05-08 07:07:48,2,7
7,2024-05-08 07:07:51,2,7
7,2024-05-08 07:08:03,2,7
7,2024-05-08 07:08:09,2,7
7,2024-05-08 07:08:36,2,7
7,2024-05-08 07:08:39,2,7
7,2024-05-08 07:08:42,2,7
7,2024-05-08 07:08:45,2,7
7,2024-05-08 07:08:54,2,7
7,2024-05-08 07:10:30,2,7
7,2024-05-08 07:10:36,2,7
7,2024-05-08 07:10:39,2,7
7,2024-05-08 07:11:57,2,7
7,2024-05-08 07:13:15,2,7
7,2024-05-08 07:14:48,2,7
7,2024-05-08 07:17:27,2,7
7,2024-05-08 07:17:54,2,7
7,2024-05-08 07:18:21,2,7
7,2024-05-08 07:19:42,2,7
7,2024-05-08 07:20:30,2,7
7,2024-05-08 07:21:12,2,7
7,2024-05-08 07:21:21,2,7
7,2024-05-08 07:25:30,2,7
7,2024-05-08 07:26:42,2,7
7,2024-05-08 07:27:36,2,7
7,2024-05-08 07:27:42,2,7
7,2024-05-08 07:27:57,2,7
7,2024-05-08 07:28:18,2,7
7,2024-05-08 07:28:42,2,7
7,2024-05-08 07:28:48,2,7
7,2024-05-08 07:29:00,3,7
7,2024-05-08 07:29:06,2,7
7,2024-05-08 07:29:09,3,7
7,2024-05-08 07:29:12,2,7
7,2024-05-08 07:29:21,2,7
7,2024-05-08 07:29:24,2,7
7,2024-05-08 07:29:33,2,7
7,2024-05-08 08:07:51,2,8
7,2024-05-08 08:08:54,2,8
7,2024-05-08 08:11:48,2,8
7,2024-05-08 08:12:03,2,8
7,2024-05-08 08:12:12,2,8
7,2024-05-08 08:13:45,2,8
7,2024-05-08 08:13:51,2,8
7,2024-05-08 08:13:54,2,8
7,2024-05-08 08:14:21,2,8
7,2024-05-08 08:14:24,2,8
7,2024-05-08 08:14:27,2,8
7,2024-05-08 08:15:09,2,8
7,2024-05-08 08:15:15,2,8
7,2024-05-08 08:15:27,2,8
7,2024-05-08 08:16:09,2,8
7,2024-05-08 08:16:42,2,8
7,2024-05-08 08:17:12,2,8
7,2024-05-08 08:21:24,2,8
7,2024-05-08 08:22:06,2,8
7,2024-05-08 08:23:48,3,8
7,2024-05-08 08:28:48,2,8
7,2024-05-08 08:28:51,2,8
7,2024-05-08 08:28:54,2,8
7,2024-05-08 09:01:42,2,9
7,2024-05-08 09:04:21,2,9
7,2024-05-08 09:08:03,2,9
7,2024-05-08 09:09:03,2,9
7,2024-05-08 09:09:12,2,9
7,2024-05-08 09:10:06,2,9
7,2024-05-08 09:10:27,2,9
7,2024-05-08 09:10:48,2,9
7,2024-05-08 09:12:27,2,9
7,2024-05-08 09:12:45,2,9
7,2024-05-08 09:13:18,2,9
7,2024-05-08 09:13:24,2,9
7,2024-05-08 09:13:27,2,9
7,2024-05-08 09:13:30,2,9
7,2024-05-08 09:13:54,2,9
7,2024-05-08 09:14:21,2,9
7,2024-05-08 09:14:33,2,9
7,2024-05-08 09:14:36,2,9
7,2024-05-08 09:19:27,2,9
7,2024-05-08 09:20:42,2,9
7,2024-05-08 09:22:21,2,9
7,2024-05-08 09:22:24,2,9
7,2024-05-08 09:23:03,2,9
7,2024-05-08 09:23:21,2,9
7,2024-05-08 09:23:24,2,9
7,2024-05-08 09:24:27,2,9
7,2024-05-08 09:24:57,2,9
7,2024-05-08 09:25:00,2,9
7,2024-05-08 09:25:03,2,9
7,2024-05-08 09:25:48,2,9
7,2024-05-08 09:26:12,2,9
7,2024-05-08 09:26:36,2,9
7,2024-05-08 09:26:42,2,9
7,2024-05-08 09:27:33,2,9
7,2024-05-08 09:27:36,2,9
7,2024-05-08 09:28:18,2,9
7,2024-05-08 09:29:09,2,9
7,2024-05-09 04:01:18,2,4
7,2024-05-09 04:01:45,2,4
7,2024-05-09 04:03:45,2,4
7,2024-05-09 04:08:36,2,4
7,2024-05-09 04:13:51,2,4
7,2024-05-09 04:15:03,2,4
7,2024-05-09 04:16:39,2,4
7,2024-05-09 04:18:51,2,4
7,2024-05-09 04:29:48,2,4
7,2024-05-09 05:00:27,2,5
7,2024-05-09 05:03:45,2,5
7,2024-05-09 05:03:48,2,5
7,2024-05-09 05:04:54,2,5
7,2024-05-09 05:06:09,2,5
7,2024-05-09 05:06:18,2,5
7,2024-05-09 05:06:33,2,5
7,2024-05-09 05:07:09,2,5
7,2024-05-09 05:07:21,2,5
7,2024-05-09 05:10:48,2,5
7,2024-05-09 05:11:12,2,5
7,2024-05-09 05:14:18,2,5
7,2024-05-09 05:14:21,2,5
7,2024-05-09 05:15:12,2,5
7,2024-05-09 05:15:42,2,5
7,2024-05-09 05:16:06,2,5
7,2024-05-09 05:17:27,2,5
7,2024-05-09 05:17:39,2,5
7,2024-05-09 05:17:42,2,5
7,2024-05-09 05:18:45,2,5
7,2024-05-09 05:19:03,2,5
7,2024-05-09 05:19:30,2,5
7,2024-05-09 05:19:33,2,5
7,2024-05-09 05:22:21,2,5
7,2024-05-09 05:23:03,2,5
7,2024-05-09 05:23:45,2,5
7,2024-05-09 05:25:24,2,5
7,2024-05-09 05:25:57,2,5
7,2024-05-09 05:26:09,2,5
7,2024-05-09 05:26:24,2,5
7,2024-05-09 05:27:03,2,5
7,2024-05-09 05:27:06,2,5
7,2024-05-09 05:27:12,2,5
7,2024-05-09 05:27:15,2,5
7,2024-05-09 05:27:27,2,5
7,2024-05-09 05:27:57,2,5
7,2024-05-09 05:28:03,2,5
7,2024-05-09 05:28:24,2,5
7,2024-05-09 05:28:27,2,5
7,2024-05-09 05:28:33,2,5
7,2024-05-09 05:28:39,2,5
7,2024-05-09 05:28:48,2,5
7,2024-05-09 05:29:06,2,5
7,2024-05-09 05:29:09,2,5
7,2024-05-09 05:29:57,2,5
7,2024-05-09 06:00:09,2,6
7,2024-05-09 06:00:48,2,6
7,2024-05-09 06:01:06,2,6
7,2024-05-09 06:01:09,3,6
7,2024-05-09 06:01:24,2,6
7,2024-05-09 06:01:27,3,6
7,2024-05-09 06:01:30,2,6
7,2024-05-09 06:01:54,2,6
7,2024-05-09 06:02:00,2,6
7,2024-05-09 06:02:09,2,6
7,2024-05-09 06:04:27,2,6
7,2024-05-09 06:04:30,3,6
7,2024-05-09 06:04:33,2,6
7,2024-05-09 06:04:51,2,6
7,2024-05-09 06:05:21,2,6
7,2024-05-09 06:05:24,2,6
7,2024-05-09 06:05:27,2,6
7,2024-05-09 06:05:48,2,6
7,2024-05-09 06:06:24,2,6
7,2024-05-09 06:08:00,2,6
7,2024-05-09 06:08:51,2,6
7,2024-05-09 06:09:27,2,6
7,2024-05-09 06:09:42,2,6
7,2024-05-09 06:09:51,2,6
7,2024-05-09 06:13:57,2,6
7,2024-05-09 06:14:15,2,6
7,2024-05-09 06:14:36,2,6
7,2024-05-09 06:14:54,2,6
7,2024-05-09 06:15:12,2,6
7,2024-05-09 06:15:24,2,6
7,2024-05-09 06:15:36,2,6
7,2024-05-09 06:16:03,2,6
7,2024-05-09 06:16:27,2,6
7,2024-05-09 06:16:36,2,6
7,2024-05-09 06:17:45,2,6
7,2024-05-09 06:18:27,2,6
7,2024-05-09 06:20:03,2,6
7,2024-05-09 06:22:15,2,6
7,2024-05-09 06:22:18,2,6
7,2024-05-09 06:22:21,2,6
7,2024-05-09 06:23:00,2,6
7,2024-05-09 06:23:03,2,6
7,2024-05-09 06:24:21,2,6
7,2024-05-09 06:24:24,2,6
7,2024-05-09 06:24:54,2,6
7,2024-05-09 06:25:33,2,6
7,2024-05-09 06:26:12,2,6
7,2024-05-09 06:26:21,2,6
7,2024-05-09 06:26:24,2,6
7,2024-05-09 06:27:21,2,6
7,2024-05-09 06:28:12,2,6
7,2024-05-09 06:28:21,2,6
7,2024-05-09 06:29:09,2,6
7,2024-05-09 07:01:00,2,7
7,2024-05-09 07:01:24,2,7
7,2024-05-09 07:01:48,2,7
7,2024-05-09 07:01:51,2,7
7,2024-05-09 07:02:24,2,7
7,2024-05-09 07:03:30,2,7
7,2024-05-09 07:03:33,2,7
7,2024-05-09 07:08:09,2,7
7,2024-05-09 07:10:54,2,7
7,2024-05-09 07:11:27,2,7
7,2024-05-09 07:11:36,2,7
7,2024-05-09 07:12:45,2,7
7,2024-05-09 07:13:33,3,7
7,2024-05-09 07:13:54,2,7
7,2024-05-09 07:13:57,2,7
7,2024-05-09 07:14:03,2,7
7,2024-05-09 07:14:09,2,7
7,2024-05-09 07:14:12,2,7
7,2024-05-09 07:14:24,2,7
7,2024-05-09 07:14:27,2,7
7,2024-05-09 07:15:33,2,7
7,2024-05-09 07:15:42,2,7
7,2024-05-09 07:18:45,3,7
7,2024-05-09 07:19:36,2,7
7,2024-05-09 07:20:27,2,7
7,2024-05-09 07:20:33,2,7
7,2024-05-09 07:21:09,2,7
7,2024-05-09 07:21:45,2,7
7,2024-05-09 07:21:48,2,7
7,2024-05-09 07:22:30,2,7
7,2024-05-09 07:22:45,2,7
7,2024-05-09 07:23:09,2,7
7,2024-05-09 07:23:12,2,7
7,2024-05-09 07:23:15,2,7
7,2024-05-09 07:24:00,2,7
7,2024-05-09 07:24:27,2,7
7,2024-05-09 07:27:48,2,7
7,2024-05-09 07:28:15,2,7
7,2024-05-09 07:28:33,2,7
7,2024-05-09 07:29:57,2,7
7,2024-05-09 08:01:54,2,8
7,2024-05-09 08:02:30,2,8
7,2024-05-09 08:03:24,2,8
7,2024-05-09 08:04:15,2,8
7,2024-05-09 08:06:24,2,8
7,2024-05-09 08:06:30,2,8
7,2024-05-09 08:06:48,2,8
7,2024-05-09 08:06:54,2,8
7,2024-05-09 08:06:57,2,8
7,2024-05-09 08:07:00,2,8
7,2024-05-09 08:07:03,2,8
7,2024-05-09 08:07:06,2,8
7,2024-05-09 08:07:09,2,8
7,2024-05-09 08:07:12,2,8
7,2024-05-09 08:07:21,2,8
7,2024-05-09 08:07:30,2,8
7,2024-05-09 08:07:36,3,8
7,2024-05-09 08:07:48,2,8
7,2024-05-09 08:08:00,2,8
7,2024-05-09 08:08:06,2,8
7,2024-05-09 08:08:09,2,8
7,2024-05-09 08:08:15,2,8
7,2024-05-09 08:08:24,2,8
7,2024-05-09 08:09:06,2,8
7,2024-05-09 08:09:09,2,8
7,2024-05-09 08:09:15,2,8
7,2024-05-09 08:09:24,2,8
7,2024-05-09 08:09:30,2,8
7,2024-05-09 08:09:36,2,8
7,2024-05-09 08:10:00,2,8
7,2024-05-09 08:10:36,2,8
7,2024-05-09 08:10:39,2,8
7,2024-05-09 08:12:57,2,8
7,2024-05-09 08:13:18,2,8
7,2024-05-09 08:13:51,2,8
7,2024-05-09 08:14:39,2,8
7,2024-05-09 08:15:06,2,8
7,2024-05-09 08:18:27,2,8
7,2024-05-09 08:19:51,2,8
7,2024-05-09 08:19:57,2,8
7,2024-05-09 08:20:57,2,8
7,2024-05-09 08:21:42,2,8
7,2024-05-09 08:21:51,2,8
7,2024-05-09 08:22:00,2,8
7,2024-05-09 08:24:45,2,8
7,2024-05-09 08:24:48,2,8
7,2024-05-09 08:28:24,2,8
7,2024-05-09 08:28:33,2,8
7,2024-05-09 08:28:48,2,8
7,2024-05-09 09:01:24,2,9
7,2024-05-09 09:01:30,2,9
7,2024-05-09 09:02:00,2,9
7,2024-05-09 09:02:03,2,9
7,2024-05-09 09:02:33,2,9
7,2024-05-09 09:02:36,2,9
7,2024-05-09 09:02:39,2,9
7,2024-05-09 09:05:27,2,9
7,2024-05-09 09:07:36,2,9
7,2024-05-09 09:09:15,2,9
7,2024-05-09 09:11:06,2,9
7,2024-05-09 09:11:12,2,9
7,2024-05-09 09:11:45,2,9
7,2024-05-09 09:11:48,2,9
7,2024-05-09 09:12:15,2,9
7,2024-05-09 09:12:51,2,9
7,2024-05-09 09:14:12,2,9
7,2024-05-09 09:14:27,2,9
7,2024-05-09 09:18:21,2,9
7,2024-05-09 09:18:27,2,9
7,2024-05-09 09:19:06,2,9
7,2024-05-09 09:19:12,2,9
7,2024-05-09 09:19:30,2,9
7,2024-05-09 09:20:18,2,9
7,2024-05-09 09:21:21,2,9
7,2024-05-09 09:21:39,2,9
7,2024-05-09 09:21:51,2,9
7,2024-05-09 09:23:12,2,9
7,2024-05-09 09:23:15,2,9
7,2024-05-09 09:23:33,2,9
7,2024-05-09 09:23:36,2,9
7,2024-05-09 09:23:48,2,9
7,2024-05-09 09:24:36,2,9
7,2024-05-09 09:25:42,2,9
7,2024-05-09 09:25:48,2,9
7,2024-05-09 09:28:24,2,9
7,2024-05-09 09:28:42,2,9
7,2024-05-09 09:28:57,2,9
7,2024-05-09 09:29:21,2,9
7,2024-05-09 09:29:30,2,9
7,2024-05-10 04:02:21,2,4
7,2024-05-10 04:12:27,2,4
7,2024-05-10 04:14:27,2,4
7,2024-05-10 04:15:30,2,4
7,2024-05-10 04:17:03,2,4
7,2024-05-10 04:17:12,2,4
7,2024-05-10 04:18:48,2,4
7,2024-05-10 04:24:30,2,4
7,2024-05-10 04:29:12,2,4
7,2024-05-10 05:00:21,2,5
7,2024-05-10 05:01:45,2,5
7,2024-05-10 05:02:15,2,5
7,2024-05-10 05:03:33,2,5
7,2024-05-10 05:04:42,2,5
7,2024-05-10 05:10:00,2,5
7,2024-05-10 05:10:03,2,5
7,2024-05-10 05:10:54,2,5
7,2024-05-10 05:12:12,2,5
7,2024-05-10 05:12:15,2,5
7,2024-05-10 05:13:39,2,5
7,2024-05-10 05:13:45,2,5
7,2024-05-10 05:13:48,2,5
7,2024-05-10 05:14:21,2,5
7,2024-05-10 05:15:27,2,5
7,2024-05-10 05:16:00,2,5
7,2024-05-10 05:16:45,2,5
7,2024-05-10 05:16:48,2,5
7,2024-05-10 05:17:09,2,5
7,2024-05-10 05:25:39,2,5
7,2024-05-10 05:27:27,2,5
7,2024-05-10 05:27:33,2,5
7,2024-05-10 05:29:33,2,5
7,2024-05-10 06:00:33,2,6
7,2024-05-10 06:02:09,2,6
7,2024-05-10 06:02:27,2,6
7,2024-05-10 06:03:36,2,6
7,2024-05-10 06:03:42,2,6
7,2024-05-10 06:04:27,2,6
7,2024-05-10 06:04:30,2,6
7,2024-05-10 06:04:54,2,6
7,2024-05-10 06:05:48,2,6
7,2024-05-10 06:05:51,2,6
7,2024-05-10 06:06:00,2,6
7,2024-05-10 06:08:39,2,6
7,2024-05-10 06:08:48,2,6
7,2024-05-10 06:08:57,2,6
7,2024-05-10 06:10:27,2,6
7,2024-05-10 06:10:36,2,6
7,2024-05-10 06:11:09,2,6
7,2024-05-10 06:11:18,2,6
7,2024-05-10 06:11:24,2,6
7,2024-05-10 06:11:51,2,6
7,2024-05-10 06:13:36,2,6
7,2024-05-10 06:13:42,2,6
7,2024-05-10 06:13:48,3,6
7,2024-05-10 06:14:36,2,6
7,2024-05-10 06:15:15,2,6
7,2024-05-10 06:18:45,2,6
7,2024-05-10 06:18:54,2,6
7,2024-05-10 06:19:12,2,6
7,2024-05-10 06:19:21,2,6
7,2024-05-10 06:19:36,2,6
7,2024-05-10 06:20:57,2,6
7,2024-05-10 06:21:18,2,6
7,2024-05-10 06:22:18,2,6
7,2024-05-10 06:22:51,2,6
7,2024-05-10 06:28:39,2,6
7,2024-05-10 07:02:12,2,7
7,2024-05-10 07:02:51,2,7
7,2024-05-10 07:03:12,2,7
7,2024-05-10 07:03:18,2,7
7,2024-05-10 07:06:12,2,7
7,2024-05-10 07:06:15,2,7
7,2024-05-10 07:09:33,2,7
7,2024-05-10 07:10:57,2,7
7,2024-05-10 07:11:15,2,7
7,2024-05-10 07:11:30,3,7
7,2024-05-10 07:12:39,2,7
7,2024-05-10 07:12:54,2,7
7,2024-05-10 07:15:48,2,7
7,2024-05-10 07:15:51,2,7
7,2024-05-10 07:21:12,2,7
7,2024-05-10 07:25:54,2,7
7,2024-05-10 07:28:33,2,7
7,2024-05-10 07:28:36,3,7
7,2024-05-10 07:29:00,2,7
7,2024-05-10 07:29:24,3,7
7,2024-05-10 08:00:27,2,8
7,2024-05-10 08:01:06,2,8
7,2024-05-10 08:01:12,2,8
7,2024-05-10 08:01:24,2,8
7,2024-05-10 08:01:48,2,8
7,2024-05-10 08:01:51,2,8
7,2024-05-10 08:02:06,2,8
7,2024-05-10 08:02:12,2,8
7,2024-05-10 08:02:24,2,8
7,2024-05-10 08:02:45,2,8
7,2024-05-10 08:03:24,2,8
7,2024-05-10 08:04:03,2,8
7,2024-05-10 08:04:42,2,8
7,2024-05-10 08:05:18,2,8
7,2024-05-10 08:05:21,2,8
7,2024-05-10 08:05:24,2,8
7,2024-05-10 08:05:36,2,8
7,2024-05-10 08:06:51,2,8
7,2024-05-10 08:08:33,2,8
7,2024-05-10 08:11:09,2,8
7,2024-05-10 08:13:33,2,8
7,2024-05-10 08:15:03,2,8
7,2024-05-10 08:15:18,2,8
7,2024-05-10 08:17:39,2,8
7,2024-05-10 08:18:24,2,8
7,2024-05-10 08:20:45,2,8
7,2024-05-10 08:21:30,2,8
7,2024-05-10 08:21:54,2,8
7,2024-05-10 08:22:42,2,8
7,2024-05-10 08:22:45,2,8
7,2024-05-10 08:22:48,2,8
7,2024-05-10 08:24:06,3,8
7,2024-05-10 08:24:09,2,8
7,2024-05-10 08:24:12,3,8
7,2024-05-10 08:24:45,3,8
7,2024-05-10 08:24:48,2,8
7,2024-05-10 08:24:57,2,8
7,2024-05-10 08:25:30,2,8
7,2024-05-10 08:26:27,2,8
7,2024-05-10 09:00:12,2,9
7,2024-05-10 09:02:30,2,9
7,2024-05-10 09:04:03,2,9
7,2024-05-10 09:04:39,2,9
7,2024-05-10 09:05:24,2,9
7,2024-05-10 09:05:30,2,9
7,2024-05-10 09:05:39,2,9
7,2024-05-10 09:06:12,2,9
7,2024-05-10 09:07:03,2,9
7,2024-05-10 09:08:18,2,9
7,2024-05-10 09:08:21,2,9
7,2024-05-10 09:11:06,2,9
7,2024-05-10 09:11:39,2,9
7,2024-05-10 09:11:51,2,9
7,2024-05-10 09:11:57,2,9
7,2024-05-10 09:12:45,2,9
7,2024-05-10 09:13:12,2,9
7,2024-05-10 09:14:18,2,9
7,2024-05-10 09:14:36,2,9
7,2024-05-10 09:14:57,2,9
7,2024-05-10 09:15:18,2,9
7,2024-05-10 09:15:27,2,9
7,2024-05-10 09:16:15,2,9
7,2024-05-10 09:17:24,2,9
7,2024-05-10 09:17:57,2,9
7,2024-05-10 09:18:39,2,9
7,2024-05-10 09:18:42,2,9
7,2024-05-10 09:19:09,2,9
7,2024-05-10 09:20:36,2,9
7,2024-05-10 09:22:12,2,9
7,2024-05-10 09:22:15,2,9
7,2024-05-10 09:23:15,2,9
7,2024-05-10 09:23:27,2,9
7,2024-05-10 09:23:48,2,9
7,2024-05-10 09:24:00,2,9
7,2024-05-10 09:24:39,2,9
7,2024-05-10 09:25:06,2,9
7,2024-05-10 09:25:15,2,9
7,2024-05-10 09:25:24,2,9
7,2024-05-10 09:25:39,2,9
7,2024-05-10 09:26:27,2,9
7,2024-05-10 09:27:15,2,9
7,2024-05-10 09:27:54,2,9
7,2024-05-10 09:28:12,2,9
7,2024-05-10 09:28:18,2,9
7,2024-05-10 09:28:24,2,9
7,2024-05-10 09:28:57,2,9
7,2024-05-10 09:29:48,2,9
8,2024-05-02 04:10:27,2,4
8,2024-05-02 04:27:09,2,4
8,2024-05-02 05:10:39,2,5
8,2024-05-02 05:13:30,3,5
8,2024-05-02 05:25:09,2,5
8,2024-05-02 05:26:00,2,5
8,2024-05-02 05:26:48,2,5
8,2024-05-02 05:26:51,2,5
8,2024-05-02 05:29:27,2,5
8,2024-05-02 06:00:36,2,6
8,2024-05-02 06:01:06,2,6
8,2024-05-02 06:01:12,2,6
8,2024-05-02 06:06:24,2,6
8,2024-05-02 06:09:15,2,6
8,2024-05-02 06:09:39,2,6
8,2024-05-02 06:09:45,2,6
8,2024-05-02 06:10:30,2,6
8,2024-05-02 06:14:18,2,6
8,2024-05-02 06:15:09,2,6
8,2024-05-02 06:15:12,2,6
8,2024-05-02 06:15:24,2,6
8,2024-05-02 06:15:33,2,6
8,2024-05-02 06:15:48,2,6
8,2024-05-02 06:16:06,2,6
8,2024-05-02 06:16:33,2,6
8,2024-05-02 06:16:36,2,6
8,2024-05-02 06:21:30,2,6
8,2024-05-02 06:22:03,2,6
8,2024-05-02 07:03:00,2,7
8,2024-05-02 07:03:24,2,7
8,2024-05-02 07:04:30,2,7
8,2024-05-02 07:07:15,2,7
8,2024-05-02 07:08:48,2,7
8,2024-05-02 07:14:09,2,7
8,2024-05-02 07:18:45,2,7
8,2024-05-02 07:22:36,2,7
8,2024-05-02 07:22:48,2,7
8,2024-05-02 07:23:03,2,7
8,2024-05-02 07:23:06,2,7
8,2024-05-02 07:23:45,2,7
8,2024-05-02 07:25:06,2,7
8,2024-05-02 07:25:09,2,7
8,2024-05-02 07:25:36,2,7
8,2024-05-02 07:26:00,2,7
8,2024-05-02 07:26:15,2,7
8,2024-05-02 07:27:03,2,7
8,2024-05-02 07:27:12,2,7
8,2024-05-02 07:27:48,2,7
8,2024-05-02 07:28:15,2,7
8,2024-05-02 07:28:39,3,7
8,2024-05-02 07:29:27,2,7
8,2024-05-02 07:29:30,2,7
8,2024-05-02 08:00:24,2,8
8,2024-05-02 08:01:39,2,8
8,2024-05-02 08:01:51,2,8
8,2024-05-02 08:02:30,2,8
8,2024-05-02 08:02:57,2,8
8,2024-05-02 08:03:39,2,8
8,2024-05-02 08:07:27,2,8
8,2024-05-02 08:08:33,2,8
8,2024-05-02 08:09:00,2,8
8,2024-05-02 08:09:24,3,8
8,2024-05-02 08:09:27,2,8
8,2024-05-02 08:09:30,2,8
8,2024-05-02 08:09:45,2,8
8,2024-05-02 08:10:03,2,8
8,2024-05-02 08:10:06,2,8
8,2024-05-02 08:10:12,2,8
8,2024-05-02 08:10:39,2,8
8,2024-05-02 08:10:51,2,8
8,2024-05-02 08:12:48,2,8
8,2024-05-02 08:13:15,2,8
8,2024-05-02 08:13:48,2,8
8,2024-05-02 08:13:57,2,8
8,2024-05-02 08:14:00,2,8
8,2024-05-02 08:14:03,2,8
8,2024-05-02 08:14:06,2,8
8,2024-05-02 08:15:12,2,8
8,2024-05-02 08:15:18,2,8
8,2024-05-02 08:16:21,2,8
8,2024-05-02 08:16:27,2,8
8,2024-05-02 08:16:57,2,8
8,2024-05-02 08:19:57,2,8
8,2024-05-02 08:22:21,2,8
8,2024-05-02 08:24:48,2,8
8,2024-05-02 08:25:06,2,8
8,2024-05-02 08:26:06,2,8
8,2024-05-02 08:27:00,2,8
8,2024-05-02 08:27:12,2,8
8,2024-05-02 09:00:18,2,9
8,2024-05-02 09:00:21,2,9
8,2024-05-02 09:01:00,2,9
8,2024-05-02 09:01:03,2,9
8,2024-05-02 09:02:12,2,9
8,2024-05-02 09:02:51,2,9
8,2024-05-02 09:02:57,3,9
8,2024-05-02 09:03:00,2,9
8,2024-05-02 09:04:39,2,9
8,2024-05-02 09:04:42,2,9
8,2024-05-02 09:05:12,2,9
8,2024-05-02 09:08:06,2,9
8,2024-05-02 09:08:09,2,9
8,2024-05-02 09:08:12,2,9
8,2024-05-02 09:08:21,2,9
8,2024-05-02 09:08:33,2,9
8,2024-05-02 09:09:45,2,9
8,2024-05-02 09:10:06,2,9
8,2024-05-02 09:10:21,2,9
8,2024-05-02 09:11:09,2,9
8,2024-05-02 09:11:18,2,9
8,2024-05-02 09:18:21,2,9
8,2024-05-02 09:19:21,3,9
8,2024-05-02 09:19:54,2,9
8,2024-05-02 09:20:54,2,9
8,2024-05-02 09:26:24,2,9
8,2024-05-02 09:28:27,2,9
8,2024-05-02 09:28:51,2,9
8,2024-05-02 09:29:09,2,9
8,2024-05-03 04:04:12,2,4
8,2024-05-03 04:10:00,2,4
8,2024-05-03 05:26:09,2,5
8,2024-05-03 06:01:24,2,6
8,2024-05-03 06:02:21,2,6
8,2024-05-03 06:02:51,2,6
8,2024-05-03 06:03:00,2,6
8,2024-05-03 06:03:42,2,6
8,2024-05-03 06:04:09,2,6
8,2024-05-03 06:06:30,2,6
8,2024-05-03 06:07:03,2,6
8,2024-05-03 06:07:15,2,6
8,2024-05-03 06:07:24,2,6
8,2024-05-03 06:07:27,2,6
8,2024-05-03 06:09:09,2,6
8,2024-05-03 06:10:42,2,6
8,2024-05-03 06:14:21,2,6
8,2024-05-03 06:15:42,2,6
8,2024-05-03 06:17:15,2,6
8,2024-05-03 06:17:33,2,6
8,2024-05-03 06:17:36,2,6
8,2024-05-03 06:21:45,2,6
8,2024-05-03 06:21:54,2,6
8,2024-05-03 06:22:00,2,6
8,2024-05-03 06:22:06,2,6
8,2024-05-03 06:22:09,2,6
8,2024-05-03 06:27:54,2,6
8,2024-05-03 06:29:09,3,6
8,2024-05-03 07:00:15,2,7
8,2024-05-03 07:01:39,2,7
8,2024-05-03 07:09:48,2,7
8,2024-05-03 07:15:48,2,7
8,2024-05-03 07:18:09,2,7
8,2024-05-03 07:22:21,2,7
8,2024-05-03 07:23:03,2,7
8,2024-05-03 07:23:09,2,7
8,2024-05-03 07:24:00,2,7
8,2024-05-03 07:24:03,2,7
8,2024-05-03 07:24:42,2,7
8,2024-05-03 07:24:45,2,7
8,2024-05-03 07:26:27,2,7
8,2024-05-03 07:26:42,2,7
8,2024-05-03 07:29:51,2,7
8,2024-05-03 08:01:33,2,8
8,2024-05-03 08:01:36,2,8
8,2024-05-03 08:01:42,2,8
8,2024-05-03 08:02:06,2,8
8,2024-05-03 08:02:42,2,8
8,2024-05-03 08:04:21,2,8
8,2024-05-03 08:05:12,2,8
8,2024-05-03 08:09:12,2,8
8,2024-05-03 08:09:42,2,8
8,2024-05-03 08:10:15,2,8
8,2024-05-03 08:10:30,2,8
8,2024-05-03 08:22:45,2,8
8,2024-05-03 08:23:06,2,8
8,2024-05-03 08:23:12,2,8
8,2024-05-03 08:28:33,2,8
8,2024-05-03 08:28:36,2,8
8,2024-05-03 08:29:09,2,8
8,2024-05-03 09:00:30,2,9
8,2024-05-03 09:01:36,2,9
8,2024-05-03 09:02:09,2,9
8,2024-05-03 09:03:03,2,9
8,2024-05-03 09:04:39,2,9
8,2024-05-03 09:15:39,2,9
8,2024-05-03 09:16:27,2,9
8,2024-05-03 09:16:57,2,9
8,2024-05-03 09:21:09,2,9
8,2024-05-04 04:12:12,2,4
8,2024-05-04 04:17:51,2,4
8,2024-05-04 04:20:18,2,4
8,2024-05-04 04:20:51,2,4
8,2024-05-04 04:29:15,2,4
8,2024-05-04 05:10:51,2,5
8,2024-05-04 06:00:36,2,6
8,2024-05-04 06:01:45,2,6
8,2024-05-04 06:03:00,2,6
8,2024-05-04 06:05:36,2,6
8,2024-05-04 06:06:18,2,6
8,2024-05-04 06:06:54,3,6
8,2024-05-04 06:07:18,2,6
8,2024-05-04 06:07:21,2,6
8,2024-05-04 06:07:36,2,6
8,2024-05-04 06:07:39,2,6
8,2024-05-04 06:07:42,2,6
8,2024-05-04 06:07:48,2,6
8,2024-05-04 06:09:12,2,6
8,2024-05-04 06:09:57,2,6
8,2024-05-04 06:10:42,2,6
8,2024-05-04 06:11:15,2,6
8,2024-05-04 06:11:18,2,6
8,2024-05-04 06:12:06,2,6
8,2024-05-04 06:12:48,2,6
8,2024-05-04 06:13:30,2,6
8,2024-05-04 06:13:36,2,6
8,2024-05-04 06:15:00,2,6
8,2024-05-04 06:15:24,2,6
8,2024-05-04 06:15:51,2,6
8,2024-05-04 06:15:54,2,6
8,2024-05-04 06:19:48,2,6
8,2024-05-04 06:20:00,2,6
8,2024-05-04 06:20:03,2,6
8,2024-05-04 06:20:36,2,6
8,2024-05-04 06:20:57,2,6
8,2024-05-04 06:21:09,2,6
8,2024-05-04 06:21:21,2,6
8,2024-05-04 06:21:45,2,6
8,2024-05-04 06:22:03,2,6
8,2024-05-04 06:22:24,2,6
8,2024-05-04 06:22:51,2,6
8,2024-05-04 06:25:36,2,6
8,2024-05-04 06:28:48,2,6
8,2024-05-04 06:28:57,2,6
8,2024-05-04 06:29:00,2,6
8,2024-05-04 06:29:03,2,6
8,2024-05-04 06:29:51,2,6
8,2024-05-04 07:00:54,2,7
8,2024-05-04 07:01:18,2,7
8,2024-05-04 07:01:54,2,7
8,2024-05-04 07:02:42,2,7
8,2024-05-04 07:03:06,2,7
8,2024-05-04 07:03:39,2,7
8,2024-05-04 07:04:21,2,7
8,2024-05-04 07:05:39,2,7
8,2024-05-04 07:05:42,2,7
8,2024-05-04 07:06:27,2,7
8,2024-05-04 07:06:45,2,7
8,2024-05-04 07:07:18,2,7
8,2024-05-04 07:07:33,2,7
8,2024-05-04 07:07:36,2,7
8,2024-05-04 07:07:39,2,7
8,2024-05-04 07:07:45,2,7
8,2024-05-04 07:10:00,2,7
8,2024-05-04 07:11:57,2,7
8,2024-05-04 07:12:33,2,7
8,2024-05-04 07:12:42,2,7
8,2024-05-04 07:14:30,2,7
8,2024-05-04 07:14:48,3,7
8,2024-05-04 07:15:42,3,7
8,2024-05-04 07:16:45,2,7
8,2024-05-04 07:17:30,2,7
8,2024-05-04 07:17:42,2,7
8,2024-05-04 07:19:27,2,7
8,2024-05-04 07:19:33,2,7
8,2024-05-04 07:21:06,2,7
8,2024-05-04 07:21:09,2,7
8,2024-05-04 07:21:12,3,7
8,2024-05-04 07:21:42,2,7
8,2024-05-04 07:21:45,2,7
8,2024-05-04 07:22:12,2,7
8,2024-05-04 07:22:15,2,7
8,2024-05-04 07:22:36,2,7
8,2024-05-04 07:22:51,2,7
8,2024-05-04 07:23:12,2,7
8,2024-05-04 07:23:18,2,7
8,2024-05-04 07:23:30,2,7
8,2024-05-04 07:24:12,2,7
8,2024-05-04 07:25:06,2,7
8,2024-05-04 07:25:15,2,7
8,2024-05-04 07:26:24,2,7
8,2024-05-04 07:26:33,2,7
8,2024-05-04 07:28:51,2,7
8,2024-05-04 08:00:06,2,8
8,2024-05-04 08:01:54,2,8
8,2024-05-04 08:03:24,2,8
8,2024-05-04 08:04:42,2,8
8,2024-05-04 08:04:45,2,8
8,2024-05-04 08:04:48,2,8
8,2024-05-04 08:05:57,2,8
8,2024-05-04 08:09:27,2,8
8,2024-05-04 08:11:18,2,8
8,2024-05-04 08:11:24,2,8
8,2024-05-04 08:11:27,2,8
8,2024-05-04 08:11:33,2,8
8,2024-05-04 08:12:51,2,8
8,2024-05-04 08:14:00,2,8
8,2024-05-04 08:14:18,2,8
8,2024-05-04 08:14:57,2,8
8,2024-05-04 08:16:57,2,8
8,2024-05-04 08:17:00,2,8
8,2024-05-04 08:18:33,2,8
8,2024-05-04 08:20:39,2,8
8,2024-05-04 08:20:42,2,8
8,2024-05-04 08:20:51,2,8
8,2024-05-04 08:24:03,2,8
8,2024-05-04 08:24:15,2,8
8,2024-05-04 08:24:27,2,8
8,2024-05-04 08:24:33,2,8
8,2024-05-04 08:24:42,2,8
8,2024-05-04 08:25:09,2,8
8,2024-05-04 08:25:12,2,8
8,2024-05-04 08:25:15,2,8
8,2024-05-04 08:25:18,2,8
8,2024-05-04 08:25:21,2,8
8,2024-05-04 08:25:33,2,8
8,2024-05-04 08:25:36,2,8
8,2024-05-04 08:26:18,2,8
8,2024-05-04 08:26:57,2,8
8,2024-05-04 08:27:03,2,8
8,2024-05-04 08:27:06,2,8
8,2024-05-04 08:27:15,2,8
8,2024-05-04 08:27:48,2,8
8,2024-05-04 08:28:51,2,8
8,2024-05-04 08:29:00,2,8
8,2024-05-04 09:04:45,2,9
8,2024-05-04 09:07:24,2,9
8,2024-05-04 09:08:51,2,9
8,2024-05-04 09:09:54,2,9
8,2024-05-04 09:09:57,2,9
8,2024-05-04 09:12:45,2,9
8,2024-05-04 09:12:54,2,9
8,2024-05-04 09:12:57,2,9
8,2024-05-04 09:13:03,2,9
8,2024-05-04 09:13:06,2,9
8,2024-05-04 09:13:09,3,9
8,2024-05-04 09:14:24,2,9
8,2024-05-04 09:14:54,2,9
8,2024-05-04 09:18:00,2,9
8,2024-05-04 09:18:03,2,9
8,2024-05-04 09:18:06,2,9
8,2024-05-04 09:18:18,2,9
8,2024-05-04 09:19:39,2,9
8,2024-05-04 09:20:00,2,9
8,2024-05-04 09:23:03,2,9
8,2024-05-04 09:28:39,2,9
8,2024-05-05 04:10:18,2,4
8,2024-05-05 04:16:27,2,4
8,2024-05-05 04:24:57,2,4
8,2024-05-05 04:25:33,2,4
8,2024-05-05 04:26:51,2,4
8,2024-05-05 04:27:18,2,4
8,2024-05-05 04:27:27,2,4
8,2024-05-05 04:27:57,2,4
8,2024-05-05 04:28:30,2,4
8,2024-05-05 04:29:12,2,4
8,2024-05-05 04:29:39,2,4
8,2024-05-05 04:29:42,2,4
8,2024-05-05 05:17:39,2,5
8,2024-05-05 05:18:06,2,5
8,2024-05-05 05:19:30,2,5
8,2024-05-05 05:22:51,2,5
8,2024-05-05 05:23:36,2,5
8,2024-05-05 05:24:03,2,5
8,2024-05-05 05:27:54,2,5
8,2024-05-05 05:29:09,2,5
8,2024-05-05 06:01:33,2,6
8,2024-05-05 06:06:36,2,6
8,2024-05-05 06:07:30,2,6
8,2024-05-05 06:07:39,2,6
8,2024-05-05 06:08:48,2,6
8,2024-05-05 06:09:24,2,6
8,2024-05-05 06:10:51,2,6
8,2024-05-05 06:14:06,2,6
8,2024-05-05 06:14:09,2,6
8,2024-05-05 06:14:18,2,6
8,2024-05-05 06:14:54,2,6
8,2024-05-05 06:19:48,2,6
8,2024-05-05 06:19:54,2,6
8,2024-05-05 06:21:00,2,6
8,2024-05-05 06:22:03,2,6
8,2024-05-05 06:22:12,2,6
8,2024-05-05 06:22:27,2,6
8,2024-05-05 06:23:57,2,6
8,2024-05-05 07:05:18,2,7
8,2024-05-05 07:05:27,2,7
8,2024-05-05 07:06:03,2,7
8,2024-05-05 07:08:57,2,7
8,2024-05-05 07:09:15,2,7
8,2024-05-05 07:10:15,2,7
8,2024-05-05 07:10:36,2,7
8,2024-05-05 07:11:21,2,7
8,2024-05-05 07:11:48,2,7
8,2024-05-05 07:11:54,2,7
8,2024-05-05 07:12:27,2,7
8,2024-05-05 07:12:30,2,7
8,2024-05-05 07:13:57,2,7
8,2024-05-05 07:15:03,2,7
8,2024-05-05 07:20:18,2,7
8,2024-05-05 07:21:36,2,7
8,2024-05-05 07:22:06,2,7
8,2024-05-05 07:22:09,2,7
8,2024-05-05 07:22:12,2,7
8,2024-05-05 07:23:12,2,7
8,2024-05-05 07:23:15,2,7
8,2024-05-05 07:24:18,2,7
8,2024-05-05 07:24:27,2,7
8,2024-05-05 07:29:33,2,7
8,2024-05-05 08:00:06,2,8
8,2024-05-05 08:05:09,2,8
8,2024-05-05 08:05:54,2,8
8,2024-05-05 08:11:27,2,8
8,2024-05-05 08:11:45,2,8
8,2024-05-05 08:12:09,2,8
8,2024-05-05 08:12:27,2,8
8,2024-05-05 08:13:51,2,8
8,2024-05-05 08:15:30,2,8
8,2024-05-05 08:16:48,2,8
8,2024-05-05 08:19:36,2,8
8,2024-05-05 08:22:18,2,8
8,2024-05-05 08:23:42,2,8
8,2024-05-05 08:25:54,2,8
8,2024-05-05 08:26:03,2,8
8,2024-05-05 08:26:30,3,8
8,2024-05-05 08:26:33,2,8
8,2024-05-05 08:26:36,2,8
8,2024-05-05 08:27:12,2,8
8,2024-05-05 08:29:18,2,8
8,2024-05-05 09:00:39,2,9
8,2024-05-05 09:01:03,2,9
8,2024-05-05 09:01:54,2,9
8,2024-05-05 09:02:03,2,9
8,2024-05-05 09:02:36,2,9
8,2024-05-05 09:02:42,2,9
8,2024-05-05 09:02:48,2,9
8,2024-05-05 09:02:51,2,9
8,2024-05-05 09:03:00,2,9
8,2024-05-05 09:03:03,2,9
8,2024-05-05 09:03:09,2,9
8,2024-05-05 09:03:21,2,9
8,2024-05-05 09:03:30,2,9
8,2024-05-05 09:03:39,2,9
8,2024-05-05 09:04:06,2,9
8,2024-05-05 09:04:15,2,9
8,2024-05-05 09:05:09,2,9
8,2024-05-05 09:05:18,2,9
8,2024-05-05 09:05:39,2,9
8,2024-05-05 09:05:48,2,9
8,2024-05-05 09:05:54,2,9
8,2024-05-05 09:05:57,2,9
8,2024-05-05 09:06:06,2,9
8,2024-05-05 09:06:09,2,9
8,2024-05-05 09:06:39,2,9
8,2024-05-05 09:06:48,2,9
8,2024-05-05 09:08:33,2,9
8,2024-05-05 09:09:09,2,9
8,2024-05-05 09:09:12,2,9
8,2024-05-05 09:09:24,2,9
8,2024-05-05 09:10:21,2,9
8,2024-05-05 09:14:27,3,9
8,2024-05-05 09:15:03,2,9
8,2024-05-05 09:15:24,2,9
8,2024-05-05 09:15:30,2,9
8,2024-05-05 09:15:48,2,9
8,2024-05-05 09:16:03,2,9
8,2024-05-05 09:18:09,2,9
8,2024-05-05 09:21:30,2,9
8,2024-05-05 09:23:12,2,9
8,2024-05-05 09:25:03,2,9
8,2024-05-06 04:00:33,2,4
8,2024-05-06 04:01:18,2,4
8,2024-05-06 04:11:48,2,4
8,2024-05-06 04:22:51,2,4
8,2024-05-06 04:23:15,2,4
8,2024-05-06 04:23:21,2,4
8,2024-05-06 04:23:36,2,4
8,2024-05-06 04:24:18,2,4
8,2024-05-06 04:24:24,2,4
8,2024-05-06 04:25:00,2,4
8,2024-05-06 04:25:09,2,4
8,2024-05-06 04:25:12,2,4
8,2024-05-06 04:25:39,2,4
8,2024-05-06 04:26:30,2,4
8,2024-05-06 04:26:33,2,4
8,2024-05-06 04:26:36,2,4
8,2024-05-06 04:26:42,2,4
8,2024-05-06 04:26:57,2,4
8,2024-05-06 04:27:06,3,4
8,2024-05-06 04:27:27,3,4
8,2024-05-06 04:27:39,3,4
8,2024-05-06 04:27:42,2,4
8,2024-05-06 04:28:06,2,4
8,2024-05-06 04:29:03,3,4
8,2024-05-06 04:29:09,2,4
8,2024-05-06 04:29:30,2,4
8,2024-05-06 05:13:27,2,5
8,2024-05-06 05:14:36,2,5
8,2024-05-06 05:14:48,2,5
8,2024-05-06 05:16:39,2,5
8,2024-05-06 05:16:42,2,5
8,2024-05-06 05:21:39,2,5
8,2024-05-06 05:25:39,2,5
8,2024-05-06 05:25:45,2,5
8,2024-05-06 05:26:00,2,5
8,2024-05-06 05:27:15,2,5
8,2024-05-06 05:27:21,2,5
8,2024-05-06 05:27:33,2,5
8,2024-05-06 05:27:51,2,5
8,2024-05-06 05:28:21,2,5
8,2024-05-06 05:28:24,2,5
8,2024-05-06 05:28:30,2,5
8,2024-05-06 05:28:33,2,5
8,2024-05-06 05:28:36,2,5
8,2024-05-06 05:28:54,2,5
8,2024-05-06 05:29:27,2,5
8,2024-05-06 05:29:57,2,5
8,2024-05-06 06:00:12,2,6
8,2024-05-06 06:00:33,2,6
8,2024-05-06 06:01:06,2,6
8,2024-05-06 06:01:12,2,6
8,2024-05-06 06:01:51,2,6
8,2024-05-06 06:03:18,2,6
8,2024-05-06 06:03:36,2,6
8,2024-05-06 06:03:54,2,6
8,2024-05-06 06:04:39,2,6
8,2024-05-06 06:11:42,2,6
8,2024-05-06 06:13:42,2,6
8,2024-05-06 06:14:54,2,6
8,2024-05-06 06:17:51,2,6
8,2024-05-06 06:18:33,2,6
8,2024-05-06 06:25:39,2,6
8,2024-05-06 06:27:21,2,6
8,2024-05-06 06:28:09,2,6
8,2024-05-06 06:28:15,2,6
8,2024-05-06 07:01:03,2,7
8,2024-05-06 07:01:15,2,7
8,2024-05-06 07:04:00,2,7
8,2024-05-06 07:06:42,2,7
8,2024-05-06 07:11:54,2,7
8,2024-05-06 07:16:09,2,7
8,2024-05-06 07:16:15,2,7
8,2024-05-06 07:17:12,2,7
8,2024-05-06 07:18:21,2,7
8,2024-05-06 07:19:54,2,7
8,2024-05-06 07:20:24,2,7
8,2024-05-06 07:20:39,2,7
8,2024-05-06 07:21:03,2,7
8,2024-05-06 07:23:21,2,7
8,2024-05-06 07:23:42,2,7
8,2024-05-06 07:24:09,2,7
8,2024-05-06 07:26:15,2,7
8,2024-05-06 07:26:51,2,7
8,2024-05-06 07:27:09,2,7
8,2024-05-06 07:29:15,2,7
8,2024-05-06 07:29:45,2,7
8,2024-05-06 07:29:54,2,7
8,2024-05-06 08:01:24,2,8
8,2024-05-06 08:01:42,2,8
8,2024-05-06 08:04:45,2,8
8,2024-05-06 08:06:24,2,8
8,2024-05-06 08:06:48,2,8
8,2024-05-06 08:08:21,2,8
8,2024-05-06 08:10:48,2,8
8,2024-05-06 08:11:27,2,8
8,2024-05-06 08:12:00,2,8
8,2024-05-06 08:12:21,2,8
8,2024-05-06 08:12:24,2,8
8,2024-05-06 08:13:00,2,8
8,2024-05-06 08:13:30,2,8
8,2024-05-06 08:13:51,2,8
8,2024-05-06 08:14:00,2,8
8,2024-05-06 08:15:12,2,8
8,2024-05-06 08:15:33,2,8
8,2024-05-06 08:15:36,2,8
8,2024-05-06 08:16:06,2,8
8,2024-05-06 08:16:09,3,8
8,2024-05-06 08:16:18,2,8
8,2024-05-06 08:17:09,2,8
8,2024-05-06 08:17:33,2,8
8,2024-05-06 08:18:06,2,8
8,2024-05-06 08:18:21,2,8
8,2024-05-06 08:18:30,2,8
8,2024-05-06 08:18:48,2,8
8,2024-05-06 08:20:54,2,8
8,2024-05-06 08:23:03,2,8
8,2024-05-06 09:04:45,2,9
8,2024-05-06 09:06:21,2,9
8,2024-05-06 09:06:36,2,9
8,2024-05-06 09:08:03,2,9
8,2024-05-06 09:11:48,2,9
8,2024-05-06 09:12:00,2,9
8,2024-05-06 09:12:06,3,9
8,2024-05-06 09:12:09,2,9
8,2024-05-06 09:12:33,3,9
8,2024-05-06 09:13:27,2,9
8,2024-05-06 09:15:03,2,9
8,2024-05-06 09:15:27,2,9
8,2024-05-06 09:15:30,2,9
8,2024-05-06 09:15:45,2,9
8,2024-05-06 09:15:57,2,9
8,2024-05-06 09:16:09,2,9
8,2024-05-06 09:16:12,2,9
8,2024-05-06 09:16:27,2,9
8,2024-05-06 09:16:39,2,9
8,2024-05-06 09:17:00,2,9
8,2024-05-06 09:17:21,2,9
8,2024-05-06 09:19:42,2,9
8,2024-05-06 09:20:00,2,9
8,2024-05-06 09:20:54,2,9
8,2024-05-06 09:21:18,2,9
8,2024-05-06 09:22:48,2,9
8,2024-05-06 09:25:12,2,9
8,2024-05-06 09:25:51,2,9
8,2024-05-06 09:26:00,2,9
8,2024-05-06 09:27:33,2,9
8,2024-05-06 09:28:09,2,9
8,2024-05-06 09:28:51,2,9
8,2024-05-06 09:29:12,2,9
8,2024-05-06 09:29:18,2,9
8,2024-05-06 09:29:27,2,9
8,2024-05-07 04:00:33,2,4
8,2024-05-07 04:06:51,2,4
8,2024-05-07 04:15:27,2,4
8,2024-05-07 04:17:18,2,4
8,2024-05-07 04:21:42,2,4
8,2024-05-07 04:26:54,2,4
8,2024-05-07 04:27:00,2,4
8,2024-05-07 04:28:33,2,4
8,2024-05-07 04:28:45,2,4
8,2024-05-07 04:29:09,2,4
8,2024-05-07 05:13:39,2,5
8,2024-05-07 05:23:45,2,5
8,2024-05-07 06:04:39,2,6
8,2024-05-07 06:05:09,2,6
8,2024-05-07 06:06:03,2,6
8,2024-05-07 06:07:03,2,6
8,2024-05-07 06:07:18,2,6
8,2024-05-07 06:07:21,2,6
8,2024-05-07 06:07:42,2,6
8,2024-05-07 06:09:57,2,6
8,2024-05-07 06:22:42,2,6
8,2024-05-07 07:01:18,2,7
8,2024-05-07 07:01:39,2,7
8,2024-05-07 07:13:30,2,7
8,2024-05-07 07:16:21,2,7
8,2024-05-07 07:16:27,2,7
8,2024-05-07 07:17:36,2,7
8,2024-05-07 07:19:00,2,7
8,2024-05-07 07:22:00,2,7
8,2024-05-07 07:22:27,2,7
8,2024-05-07 07:25:00,2,7
8,2024-05-07 07:25:21,2,7
8,2024-05-07 07:25:42,2,7
8,2024-05-07 07:27:48,2,7
8,2024-05-07 07:28:57,2,7
8,2024-05-07 07:29:54,2,7
8,2024-05-07 08:00:33,2,8
8,2024-05-07 08:00:36,2,8
8,2024-05-07 08:01:03,2,8
8,2024-05-07 08:01:09,2,8
8,2024-05-07 08:01:18,2,8
8,2024-05-07 08:01:36,2,8
8,2024-05-07 08:01:45,2,8
8,2024-05-07 08:02:57,2,8
8,2024-05-07 08:04:03,2,8
8,2024-05-07 08:04:06,2,8
8,2024-05-07 08:05:39,2,8
8,2024-05-07 08:06:36,2,8
8,2024-05-07 08:07:57,2,8
8,2024-05-07 08:08:03,2,8
8,2024-05-07 08:09:15,2,8
8,2024-05-07 08:09:39,2,8
8,2024-05-07 08:09:42,2,8
8,2024-05-07 08:14:48,3,8
8,2024-05-07 08:16:00,2,8
8,2024-05-07 08:22:42,2,8
8,2024-05-07 08:25:03,2,8
8,2024-05-07 08:25:51,2,8
8,2024-05-07 08:27:06,2,8
8,2024-05-07 09:01:42,2,9
8,2024-05-07 09:03:30,2,9
8,2024-05-07 09:05:00,2,9
8,2024-05-07 09:07:18,2,9
8,2024-05-07 09:14:45,2,9
8,2024-05-07 09:15:51,2,9
8,2024-05-07 09:17:48,2,9
8,2024-05-07 09:21:03,2,9
8,2024-05-07 09:21:33,2,9
8,2024-05-07 09:21:39,2,9
8,2024-05-07 09:25:18,2,9
8,2024-05-07 09:25:21,2,9
8,2024-05-07 09:26:24,2,9
8,2024-05-07 09:26:51,2,9
8,2024-05-07 09:27:27,2,9
8,2024-05-07 09:27:57,2,9
8,2024-05-08 04:06:36,2,4
8,2024-05-08 04:21:42,2,4
8,2024-05-08 04:21:45,3,4
8,2024-05-08 04:21:51,2,4
8,2024-05-08 04:22:00,2,4
8,2024-05-08 04:22:03,2,4
8,2024-05-08 04:22:09,3,4
8,2024-05-08 04:22:15,3,4
8,2024-05-08 04:22:39,2,4
8,2024-05-08 04:22:42,2,4
8,2024-05-08 04:22:54,2,4
8,2024-05-08 04:22:57,2,4
8,2024-05-08 04:23:06,3,4
8,2024-05-08 04:23:12,2,4
8,2024-05-08 04:23:24,2,4
8,2024-05-08 04:23:51,2,4
8,2024-05-08 04:24:12,3,4
8,2024-05-08 04:24:30,2,4
8,2024-05-08 04:24:48,2,4
8,2024-05-08 04:25:06,2,4
8,2024-05-08 04:25:30,2,4
8,2024-05-08 04:27:00,2,4
8,2024-05-08 04:27:30,2,4
8,2024-05-08 04:28:18,2,4
8,2024-05-08 04:28:21,2,4
8,2024-05-08 04:28:57,2,4
8,2024-05-08 04:29:15,2,4
8,2024-05-08 04:29:21,2,4
8,2024-05-08 04:29:36,2,4
8,2024-05-08 04:29:39,2,4
8,2024-05-08 05:02:36,3,5
8,2024-05-08 05:03:57,2,5
8,2024-05-08 05:04:45,2,5
8,2024-05-08 05:08:27,2,5
8,2024-05-08 05:11:36,2,5
8,2024-05-08 05:12:36,2,5
8,2024-05-08 05:13:42,2,5
8,2024-05-08 05:14:00,2,5
8,2024-05-08 05:14:42,2,5
8,2024-05-08 05:14:51,2,5
8,2024-05-08 05:15:12,2,5
8,2024-05-08 05:21:15,2,5
8,2024-05-08 05:25:12,2,5
8,2024-05-08 05:26:12,2,5
8,2024-05-08 05:27:27,2,5
8,2024-05-08 05:27:30,2,5
8,2024-05-08 05:28:00,3,5
8,2024-05-08 05:28:18,2,5
8,2024-05-08 06:01:36,2,6
8,2024-05-08 06:02:18,2,6
8,2024-05-08 06:04:36,2,6
8,2024-05-08 06:05:00,2,6
8,2024-05-08 06:12:54,2,6
8,2024-05-08 06:13:03,2,6
8,2024-05-08 06:13:09,2,6
8,2024-05-08 06:13:42,2,6
8,2024-05-08 06:13:57,2,6
8,2024-05-08 06:14:18,2,6
8,2024-05-08 06:14:54,2,6
8,2024-05-08 06:15:06,2,6
8,2024-05-08 06:15:30,2,6
8,2024-05-08 06:16:24,2,6
8,2024-05-08 06:16:30,2,6
8,2024-05-08 06:16:36,2,6
8,2024-05-08 06:16:48,2,6
8,2024-05-08 06:18:12,2,6
8,2024-05-08 06:20:00,2,6
8,2024-05-08 06:20:57,2,6
8,2024-05-08 06:21:03,2,6
8,2024-05-08 06:24:03,2,6
8,2024-05-08 06:26:39,2,6
8,2024-05-08 06:26:42,2,6
8,2024-05-08 06:29:57,2,6
8,2024-05-08 07:00:12,2,7
8,2024-05-08 07:00:21,2,7
8,2024-05-08 07:00:51,2,7
8,2024-05-08 07:01:03,2,7
8,2024-05-08 07:03:48,2,7
8,2024-05-08 07:05:00,2,7
8,2024-05-08 07:06:06,2,7
8,2024-05-08 07:11:48,2,7
8,2024-05-08 07:13:51,2,7
8,2024-05-08 07:18:00,2,7
8,2024-05-08 07:28:12,2,7
8,2024-05-08 08:05:51,2,8
8,2024-05-08 08:06:27,2,8
8,2024-05-08 08:07:45,2,8
8,2024-05-08 08:10:21,2,8
8,2024-05-08 08:11:06,2,8
8,2024-05-08 08:11:09,2,8
8,2024-05-08 08:11:21,2,8
8,2024-05-08 08:14:39,2,8
8,2024-05-08 08:15:09,2,8
8,2024-05-08 08:15:33,2,8
8,2024-05-08 08:15:36,2,8
8,2024-05-08 08:18:09,2,8
8,2024-05-08 08:22:51,2,8
8,2024-05-08 08:24:33,2,8
8,2024-05-08 08:24:36,2,8
8,2024-05-08 08:27:09,2,8
8,2024-05-08 08:27:18,2,8
8,2024-05-08 08:28:24,2,8
8,2024-05-08 08:29:06,2,8
8,2024-05-08 09:00:06,2,9
8,2024-05-08 09:02:03,2,9
8,2024-05-08 09:02:24,2,9
8,2024-05-08 09:03:51,2,9
8,2024-05-08 09:04:24,2,9
8,2024-05-08 09:11:18,3,9
8,2024-05-08 09:11:27,2,9
8,2024-05-08 09:11:45,2,9
8,2024-05-08 09:11:51,2,9
8,2024-05-08 09:13:00,2,9
8,2024-05-08 09:16:24,2,9
8,2024-05-08 09:16:30,2,9
8,2024-05-08 09:16:33,2,9
8,2024-05-08 09:16:42,2,9
8,2024-05-08 09:17:15,2,9
8,2024-05-08 09:18:00,2,9
8,2024-05-08 09:18:24,2,9
8,2024-05-08 09:20:12,2,9
8,2024-05-08 09:20:30,2,9
8,2024-05-08 09:21:57,2,9
8,2024-05-08 09:23:54,2,9
8,2024-05-08 09:23:57,2,9
8,2024-05-08 09:28:12,2,9
8,2024-05-09 04:00:48,2,4
8,2024-05-09 04:01:39,2,4
8,2024-05-09 04:02:27,2,4
8,2024-05-09 04:04:42,2,4
8,2024-05-09 04:12:30,2,4
8,2024-05-09 04:15:48,2,4
8,2024-05-09 04:16:18,3,4
8,2024-05-09 04:16:48,2,4
8,2024-05-09 04:17:03,2,4
8,2024-05-09 04:18:18,2,4
8,2024-05-09 04:18:30,2,4
8,2024-05-09 04:18:48,2,4
8,2024-05-09 04:19:09,2,4
8,2024-05-09 04:19:12,2,4
8,2024-05-09 04:20:18,2,4
8,2024-05-09 04:21:00,2,4
8,2024-05-09 04:21:09,2,4
8,2024-05-09 04:21:18,2,4
8,2024-05-09 04:21:54,2,4
8,2024-05-09 04:22:06,2,4
8,2024-05-09 04:24:09,2,4
8,2024-05-09 04:24:45,2,4
8,2024-05-09 04:25:03,3,4
8,2024-05-09 04:25:09,2,4
8,2024-05-09 04:25:15,2,4
8,2024-05-09 05:13:12,2,5
8,2024-05-09 05:13:18,2,5
8,2024-05-09 05:13:33,2,5
8,2024-05-09 05:13:36,2,5
8,2024-05-09 05:14:12,2,5
8,2024-05-09 05:14:39,2,5
8,2024-05-09 05:15:39,2,5
8,2024-05-09 05:16:15,2,5
8,2024-05-09 05:16:51,2,5
8,2024-05-09 05:17:00,2,5
8,2024-05-09 05:17:36,2,5
8,2024-05-09 05:17:42,2,5
8,2024-05-09 05:17:45,2,5
8,2024-05-09 05:18:09,2,5
8,2024-05-09 05:18:15,2,5
8,2024-05-09 05:19:06,2,5
8,2024-05-09 05:20:00,2,5
8,2024-05-09 05:20:33,2,5
8,2024-05-09 05:22:09,2,5
8,2024-05-09 05:23:15,2,5
8,2024-05-09 05:24:42,2,5
8,2024-05-09 05:25:00,2,5
8,2024-05-09 05:25:09,2,5
8,2024-05-09 05:25:15,2,5
8,2024-05-09 05:25:57,2,5
8,2024-05-09 05:26:33,2,5
8,2024-05-09 05:26:36,2,5
8,2024-05-09 05:26:51,2,5
8,2024-05-09 05:27:00,2,5
8,2024-05-09 05:27:06,2,5
8,2024-05-09 05:27:30,2,5
8,2024-05-09 05:27:36,2,5
8,2024-05-09 05:27:39,2,5
8,2024-05-09 05:27:42,2,5
8,2024-05-09 05:27:45,2,5
8,2024-05-09 05:28:06,2,5
8,2024-05-09 06:00:51,2,6
8,2024-05-09 06:02:18,2,6
8,2024-05-09 06:07:18,2,6
8,2024-05-09 06:07:21,2,6
8,2024-05-09 06:08:42,2,6
8,2024-05-09 06:10:39,2,6
8,2024-05-09 06:10:51,2,6
8,2024-05-09 06:12:57,2,6
8,2024-05-09 06:14:45,2,6
8,2024-05-09 06:15:18,2,6
8,2024-05-09 06:15:27,2,6
8,2024-05-09 06:17:30,2,6
8,2024-05-09 06:18:03,2,6
8,2024-05-09 06:18:39,2,6
8,2024-05-09 06:19:30,2,6
8,2024-05-09 06:19:48,2,6
8,2024-05-09 06:20:09,2,6
8,2024-05-09 06:20:33,2,6
8,2024-05-09 06:21:00,2,6
8,2024-05-09 06:23:00,2,6
8,2024-05-09 06:23:57,2,6
8,2024-05-09 06:25:00,2,6
8,2024-05-09 06:25:21,2,6
8,2024-05-09 06:29:30,2,6
8,2024-05-09 07:02:51,2,7
8,2024-05-09 07:03:39,2,7
8,2024-05-09 07:03:42,2,7
8,2024-05-09 07:03:45,2,7
8,2024-05-09 07:04:30,2,7
8,2024-05-09 07:04:36,2,7
8,2024-05-09 07:04:57,2,7
8,2024-05-09 07:05:03,2,7
8,2024-05-09 07:05:42,2,7
8,2024-05-09 07:07:21,2,7
8,2024-05-09 07:07:45,2,7
8,2024-05-09 07:07:57,2,7
8,2024-05-09 07:09:45,2,7
8,2024-05-09 07:09:54,2,7
8,2024-05-09 07:10:15,2,7
8,2024-05-09 07:11:36,2,7
8,2024-05-09 07:11:57,2,7
8,2024-05-09 07:12:06,2,7
8,2024-05-09 07:12:09,2,7
8,2024-05-09 07:12:21,2,7
8,2024-05-09 07:12:24,2,7
8,2024-05-09 07:13:15,2,7
8,2024-05-09 07:13:27,2,7
8,2024-05-09 07:14:00,2,7
8,2024-05-09 07:14:36,2,7
8,2024-05-09 07:17:27,2,7
8,2024-05-09 07:17:33,2,7
8,2024-05-09 07:21:03,2,7
8,2024-05-09 07:22:27,2,7
8,2024-05-09 07:22:36,2,7
8,2024-05-09 07:22:54,2,7
8,2024-05-09 07:24:24,2,7
8,2024-05-09 07:24:51,2,7
8,2024-05-09 07:25:15,2,7
8,2024-05-09 07:25:39,2,7
8,2024-05-09 07:25:45,3,7
8,2024-05-09 07:26:48,2,7
8,2024-05-09 07:27:03,2,7
8,2024-05-09 07:27:42,2,7
8,2024-05-09 07:28:00,2,7
8,2024-05-09 07:28:03,2,7
8,2024-05-09 07:28:06,2,7
8,2024-05-09 07:28:39,2,7
8,2024-05-09 07:28:45,2,7
8,2024-05-09 07:28:48,2,7
8,2024-05-09 07:28:51,2,7
8,2024-05-09 08:05:12,2,8
8,2024-05-09 08:05:54,2,8
8,2024-05-09 08:06:21,2,8
8,2024-05-09 08:06:33,2,8
8,2024-05-09 08:08:27,2,8
8,2024-05-09 08:08:51,2,8
8,2024-05-09 08:10:42,3,8
8,2024-05-09 08:10:48,3,8
8,2024-05-09 08:11:03,2,8
8,2024-05-09 08:11:06,2,8
8,2024-05-09 08:11:09,2,8
8,2024-05-09 08:12:27,2,8
8,2024-05-09 08:12:33,2,8
8,2024-05-09 08:13:03,2,8
8,2024-05-09 08:13:06,2,8
8,2024-05-09 08:13:30,2,8
8,2024-05-09 08:13:39,2,8
8,2024-05-09 08:14:18,2,8
8,2024-05-09 08:14:24,2,8
8,2024-05-09 08:14:30,2,8
8,2024-05-09 08:15:12,2,8
8,2024-05-09 08:15:15,2,8
8,2024-05-09 08:16:18,2,8
8,2024-05-09 08:16:21,2,8
8,2024-05-09 08:17:15,2,8
8,2024-05-09 08:17:33,2,8
8,2024-05-09 08:18:30,2,8
8,2024-05-09 08:19:45,2,8
8,2024-05-09 08:28:03,2,8
8,2024-05-09 09:01:30,2,9
8,2024-05-09 09:02:30,2,9
8,2024-05-09 09:03:39,2,9
8,2024-05-09 09:07:21,2,9
8,2024-05-09 09:10:51,2,9
8,2024-05-09 09:11:00,2,9
8,2024-05-09 09:11:09,2,9
8,2024-05-09 09:11:12,2,9
8,2024-05-09 09:11:54,2,9
8,2024-05-09 09:12:12,2,9
8,2024-05-09 09:12:21,2,9
8,2024-05-09 09:12:33,2,9
8,2024-05-09 09:14:27,2,9
8,2024-05-09 09:14:48,2,9
8,2024-05-09 09:16:06,2,9
8,2024-05-09 09:22:51,2,9
8,2024-05-09 09:24:03,2,9
8,2024-05-09 09:26:00,4,9
8,2024-05-09 09:27:54,2,9
8,2024-05-09 09:28:27,2,9
8,2024-05-10 04:07:54,2,4
8,2024-05-10 04:09:48,2,4
8,2024-05-10 04:13:00,2,4
8,2024-05-10 04:17:36,2,4
8,2024-05-10 04:17:51,2,4
8,2024-05-10 04:18:21,2,4
8,2024-05-10 04:18:51,2,4
8,2024-05-10 04:19:06,2,4
8,2024-05-10 04:21:06,2,4
8,2024-05-10 04:21:45,2,4
8,2024-05-10 04:26:12,2,4
8,2024-05-10 04:26:18,2,4
8,2024-05-10 04:26:24,2,4
8,2024-05-10 04:26:54,2,4
8,2024-05-10 04:27:48,2,4
8,2024-05-10 04:27:54,2,4
8,2024-05-10 05:08:36,2,5
8,2024-05-10 05:09:00,2,5
8,2024-05-10 05:09:21,2,5
8,2024-05-10 05:10:27,2,5
8,2024-05-10 05:16:12,2,5
8,2024-05-10 05:16:42,2,5
8,2024-05-10 05:20:03,2,5
8,2024-05-10 05:20:12,2,5
8,2024-05-10 05:24:06,2,5
8,2024-05-10 05:25:42,2,5
8,2024-05-10 05:27:06,2,5
8,2024-05-10 05:27:09,2,5
8,2024-05-10 05:27:36,2,5
8,2024-05-10 05:29:24,2,5
8,2024-05-10 06:00:21,2,6
8,2024-05-10 06:02:30,2,6
8,2024-05-10 06:03:00,2,6
8,2024-05-10 06:03:45,2,6
8,2024-05-10 06:04:36,2,6
8,2024-05-10 06:07:39,2,6
8,2024-05-10 06:10:15,2,6
8,2024-05-10 06:11:24,2,6
8,2024-05-10 06:11:42,2,6
8,2024-05-10 06:13:39,2,6
8,2024-05-10 06:22:12,2,6
8,2024-05-10 06:22:30,2,6
8,2024-05-10 06:22:36,2,6
8,2024-05-10 06:23:09,2,6
8,2024-05-10 06:23:24,2,6
8,2024-05-10 06:23:27,2,6
8,2024-05-10 06:24:30,3,6
8,2024-05-10 06:26:21,2,6
8,2024-05-10 06:26:48,2,6
8,2024-05-10 06:27:24,2,6
8,2024-05-10 06:28:03,2,6
8,2024-05-10 06:29:15,2,6
8,2024-05-10 06:29:36,2,6
8,2024-05-10 06:29:51,2,6
8,2024-05-10 07:00:06,2,7
8,2024-05-10 07:02:45,2,7
8,2024-05-10 07:03:36,2,7
8,2024-05-10 07:03:57,3,7
8,2024-05-10 07:04:15,2,7
8,2024-05-10 07:04:18,2,7
8,2024-05-10 07:05:24,2,7
8,2024-05-10 07:06:06,2,7
8,2024-05-10 07:07:45,2,7
8,2024-05-10 07:08:09,2,7
8,2024-05-10 07:08:21,2,7
8,2024-05-10 07:11:21,2,7
8,2024-05-10 07:11:33,2,7
8,2024-05-10 07:12:24,2,7
8,2024-05-10 07:13:15,2,7
8,2024-05-10 07:13:48,2,7
8,2024-05-10 07:15:39,2,7
8,2024-05-10 07:16:00,2,7
8,2024-05-10 07:16:45,2,7
8,2024-05-10 07:16:54,2,7
8,2024-05-10 07:16:57,2,7
8,2024-05-10 07:17:09,2,7
8,2024-05-10 07:23:00,2,7
8,2024-05-10 08:04:27,2,8
8,2024-05-10 08:04:54,2,8
8,2024-05-10 08:06:39,2,8
8,2024-05-10 08:07:36,2,8
8,2024-05-10 08:08:09,2,8
8,2024-05-10 08:08:42,2,8
8,2024-05-10 08:09:39,2,8
8,2024-05-10 08:09:42,2,8
8,2024-05-10 08:10:18,2,8
8,2024-05-10 08:10:48,2,8
8,2024-05-10 08:11:09,2,8
8,2024-05-10 08:11:21,2,8
8,2024-05-10 08:11:54,3,8
8,2024-05-10 08:12:03,2,8
8,2024-05-10 08:13:27,2,8
8,2024-05-10 08:13:30,2,8
8,2024-05-10 08:13:36,2,8
8,2024-05-10 08:14:09,2,8
8,2024-05-10 08:16:15,2,8
8,2024-05-10 08:16:24,2,8
8,2024-05-10 08:16:42,2,8
8,2024-05-10 08:16:45,2,8
8,2024-05-10 08:16:57,2,8
8,2024-05-10 08:17:21,2,8
8,2024-05-10 08:18:00,2,8
8,2024-05-10 08:18:12,2,8
8,2024-05-10 08:19:27,2,8
8,2024-05-10 08:19:57,2,8
8,2024-05-10 08:20:15,2,8
8,2024-05-10 08:20:18,2,8
8,2024-05-10 08:21:03,2,8
8,2024-05-10 08:21:39,2,8
8,2024-05-10 08:21:42,2,8
8,2024-05-10 08:23:12,3,8
8,2024-05-10 08:23:48,2,8
8,2024-05-10 08:24:15,2,8
8,2024-05-10 08:27:39,2,8
8,2024-05-10 09:00:21,2,9
8,2024-05-10 09:00:24,2,9
8,2024-05-10 09:02:00,2,9
8,2024-05-10 09:02:03,2,9
8,2024-05-10 09:02:51,2,9
8,2024-05-10 09:03:27,2,9
8,2024-05-10 09:04:12,2,9
8,2024-05-10 09:04:15,2,9
8,2024-05-10 09:04:27,2,9
8,2024-05-10 09:04:33,3,9
8,2024-05-10 09:06:39,2,9
8,2024-05-10 09:06:45,2,9
8,2024-05-10 09:06:51,2,9
8,2024-05-10 09:09:45,2,9
8,2024-05-10 09:10:18,2,9
8,2024-05-10 09:10:51,2,9
8,2024-05-10 09:12:06,3,9
8,2024-05-10 09:13:36,2,9
8,2024-05-10 09:14:48,2,9
8,2024-05-10 09:15:39,2,9
8,2024-05-10 09:16:09,2,9
8,2024-05-10 09:17:00,2,9
8,2024-05-10 09:17:06,2,9
8,2024-05-10 09:17:54,2,9
8,2024-05-10 09:19:51,2,9
8,2024-05-10 09:19:54,2,9
8,2024-05-10 09:20:51,2,9
8,2024-05-10 09:20:57,2,9
8,2024-05-10 09:21:39,2,9
8,2024-05-10 09:24:21,2,9
8,2024-05-10 09:26:09,3,9
8,2024-05-10 09:26:36,2,9
8,2024-05-10 09:26:51,2,9
8,2024-05-10 09:27:12,2,9
8,2024-05-10 09:28:18,2,9
8,2024-05-10 09:29:18,2,9
